,corridor_name,train_year,train_week_num,train_departure_date_short,passengers,number_of_services,revenue,revenue_without_promotion,passengers_km
0,MAK-MAD,2021,53,2022-01-01,2579,12,419576.00,451077.0000,960687.672
1,MAK-MAD,2022,1,2022-01-02,2038,12,343511.50,374778.0000,771785.126
2,MAK-MAD,2022,1,2022-01-03,1900,12,320459.00,345114.5000,730788.374
3,MAK-MAD,2022,1,2022-01-04,1810,12,306953.00,329255.0000,674187.758
4,MAK-MAD,2022,1,2022-01-05,2440,14,395531.00,422114.0000,936571.790
5,MAK-MAD,2022,1,2022-01-06,3442,14,538164.50,575030.0000,1313089.608
6,MAK-MAD,2022,1,2022-01-07,3114,14,451650.00,477091.0000,1159814.320
7,MAK-MAD,2022,1,2022-01-08,3839,14,586059.00,621117.0000,1446221.690
8,MAK-MAD,2022,2,2022-01-09,3598,14,528786.50,563457.5000,1366399.836
9,MAK-MAD,2022,2,2022-01-10,3809,14,561297.00,592821.5000,1446969.458
10,MAK-MAD,2022,2,2022-01-11,3961,14,591243.50,627433.5000,1507155.300
11,MAK-MAD,2022,2,2022-01-12,3956,14,566695.00,600854.0000,1458949.298
12,MAK-MAD,2022,2,2022-01-13,3938,14,580480.00,617545.5000,1475633.484
13,MAK-MAD,2022,2,2022-01-14,3231,14,474356.50,503127.0000,1233161.778
14,MAK-MAD,2022,2,2022-01-15,3623,14,521686.50,554034.5000,1373776.018
15,MAK-MAD,2022,3,2022-01-16,1825,12,248419.00,261760.5000,704155.722
16,MAK-MAD,2022,3,2022-01-17,1853,12,263992.50,279834.5000,726016.782
17,MAK-MAD,2022,3,2022-01-18,2041,12,300812.50,320520.0000,805560.944
18,MAK-MAD,2022,3,2022-01-19,2385,12,336328.00,356359.5000,912795.558
19,MAK-MAD,2022,3,2022-01-20,2619,12,393720.50,417755.0000,1015617.454
20,MAK-MAD,2022,3,2022-01-21,2100,12,309925.00,329795.0000,818788.382
21,MAK-MAD,2022,3,2022-01-22,2764,12,407088.00,429925.0000,1060088.768
22,MAK-MAD,2022,4,2022-01-23,1533,12,219436.00,231839.5000,602630.212
23,MAK-MAD,2022,4,2022-01-24,1630,12,237375.50,250479.5000,640241.164
24,MAK-MAD,2022,4,2022-01-25,1680,12,244821.50,258957.5000,664910.058
25,MAK-MAD,2022,4,2022-01-26,2097,12,330117.00,351360.0000,849613.442
26,MAK-MAD,2022,4,2022-01-27,2809,12,417560.50,442457.5000,1064080.822
27,MAK-MAD,2022,4,2022-01-28,2325,12,346067.00,367672.0000,891874.798
28,MAK-MAD,2022,4,2022-01-29,2973,12,435765.50,462370.5000,1114004.048
29,MAK-MAD,2022,5,2022-01-30,1874,12,270310.00,288244.0000,729773.792
30,MAK-MAD,2022,5,2022-01-31,1913,12,279021.00,296398.0000,750992.616
31,MAK-MAD,2022,5,2022-02-01,3176,12,471077.00,501278.5000,1203019.182
32,MAK-MAD,2022,5,2022-02-02,3495,12,534990.00,573824.5000,1327769.820
33,MAK-MAD,2022,5,2022-02-03,3618,12,569750.00,605303.5000,1386414.180
34,MAK-MAD,2022,5,2022-02-04,3337,12,509706.50,541693.5000,1262844.800
35,MAK-MAD,2022,5,2022-02-05,4083,12,644411.50,687701.0000,1552342.648
36,MAK-MAD,2022,6,2022-02-06,2217,12,328752.00,348431.0000,872881.910
37,MAK-MAD,2022,6,2022-02-07,1755,12,257005.50,272572.0000,690148.378
38,MAK-MAD,2022,6,2022-02-08,2008,12,303696.00,323153.5000,802344.314
39,MAK-MAD,2022,6,2022-02-09,2271,12,344461.00,366864.0000,893739.052
40,MAK-MAD,2022,6,2022-02-10,3147,12,492651.50,525826.0000,1213977.580
41,MAK-MAD,2022,6,2022-02-11,2415,12,363897.50,389576.0000,928486.596
42,MAK-MAD,2022,6,2022-02-12,3299,12,526865.50,559737.5000,1289120.998
43,MAK-MAD,2022,7,2022-02-13,2509,12,347828.72,423895.5000,1017881.682
44,MAK-MAD,2022,7,2022-02-14,2114,12,329572.50,351686.5000,846367.200
45,MAK-MAD,2022,7,2022-02-15,2425,12,395468.50,418887.5000,980348.820
46,MAK-MAD,2022,7,2022-02-16,2829,12,450243.00,481120.5000,1129827.952
47,MAK-MAD,2022,7,2022-02-17,3510,12,564101.00,597437.0000,1350993.444
48,MAK-MAD,2022,7,2022-02-18,2975,12,478414.00,510006.5000,1145223.902
49,MAK-MAD,2022,7,2022-02-19,3645,12,585875.00,623338.0000,1411286.236
50,MAK-MAD,2022,8,2022-02-20,2560,12,392994.50,420350.5000,1015290.604
51,MAK-MAD,2022,8,2022-02-21,3622,12,559728.50,596027.0000,1383072.942
52,MAK-MAD,2022,8,2022-02-22,4246,12,696605.50,740371.0000,1650900.924
53,MAK-MAD,2022,8,2022-02-23,4166,12,694978.50,741606.0000,1604944.428
54,MAK-MAD,2022,8,2022-02-24,4275,12,716486.50,767166.0000,1643568.128
55,MAK-MAD,2022,8,2022-02-25,3757,12,609953.00,651732.5000,1438280.536
56,MAK-MAD,2022,8,2022-02-26,4587,12,773559.50,824752.0000,1767514.504
57,MAK-MAD,2022,9,2022-02-27,2849,12,459515.50,487663.5000,1131066.438
58,MAK-MAD,2022,9,2022-02-28,2826,13,476017.50,509537.0000,1133667.648
59,MAK-MAD,2022,9,2022-03-01,3341,13,511015.00,554087.5000,1359648.252
60,MAK-MAD,2022,9,2022-03-02,3667,12,551229.50,596619.5000,1466467.746
61,MAK-MAD,2022,9,2022-03-03,4093,13,587131.00,636411.0000,1576897.986
62,MAK-MAD,2022,9,2022-03-04,3338,13,477290.00,518686.5000,1266064.064
63,MAK-MAD,2022,9,2022-03-05,4054,13,595547.50,643954.0000,1598103.298
64,MAK-MAD,2022,10,2022-03-06,2620,12,384355.50,412839.5000,1045063.126
65,MAK-MAD,2022,10,2022-03-07,2485,13,390044.00,421787.0000,984716.412
66,MAK-MAD,2022,10,2022-03-08,2561,12,400918.29,436513.5000,1015598.156
67,MAK-MAD,2022,10,2022-03-09,3338,12,521514.00,558976.5000,1285325.856
68,MAK-MAD,2022,10,2022-03-10,4682,13,766220.50,823711.0000,1773430.318
69,MAK-MAD,2022,10,2022-03-11,4335,12,694275.50,742531.0000,1632112.750
70,MAK-MAD,2022,10,2022-03-12,4742,12,780755.50,837044.5000,1789796.570
71,MAK-MAD,2022,11,2022-03-13,4545,12,754389.00,806367.0000,1741885.508
72,MAK-MAD,2022,11,2022-03-14,4774,13,772486.00,828055.5000,1778308.368
73,MAK-MAD,2022,11,2022-03-15,4892,12,832431.50,890253.0000,1856160.752
74,MAK-MAD,2022,11,2022-03-16,4825,12,809477.00,866827.5000,1849263.892
75,MAK-MAD,2022,11,2022-03-17,5351,14,891615.00,953103.5000,2028770.950
76,MAK-MAD,2022,11,2022-03-18,4677,14,737764.50,788779.5000,1754235.510
77,MAK-MAD,2022,11,2022-03-19,4593,14,734047.50,788854.5000,1801234.372
78,MAK-MAD,2022,12,2022-03-20,2960,14,448958.00,480145.5000,1136875.302
79,MAK-MAD,2022,12,2022-03-21,2869,12,475342.50,509560.5000,1146462.180
80,MAK-MAD,2022,12,2022-03-22,2995,12,487332.00,522093.0000,1200890.372
81,MAK-MAD,2022,12,2022-03-23,3481,12,598999.00,641399.0000,1377402.164
82,MAK-MAD,2022,12,2022-03-24,4329,12,730279.50,782458.0000,1658538.826
83,MAK-MAD,2022,12,2022-03-25,3555,12,563413.60,625268.5000,1364938.050
84,MAK-MAD,2022,12,2022-03-26,4539,12,804226.00,861265.0000,1763566.594
85,MAK-MAD,2022,13,2022-03-27,3205,12,520463.50,556213.5000,1258423.286
86,MAK-MAD,2022,13,2022-03-28,3321,12,567766.50,609874.5000,1302098.500
87,MAK-MAD,2022,13,2022-03-29,3483,12,602481.50,646464.0000,1401300.572
88,MAK-MAD,2022,13,2022-03-30,3680,12,631878.00,673411.0000,1438043.798
89,MAK-MAD,2022,13,2022-03-31,4150,13,719221.00,770586.5000,1607440.712
90,MAK-MAD,2022,13,2022-04-01,3722,12,635120.00,682918.0000,1429236.134
91,MAK-MAD,2022,13,2022-04-02,2989,14,619225.00,647787.5000,1202589.870
92,MAK-MAD,2022,14,2022-04-03,3553,19,626488.00,650057.0000,1436010.864
93,MAK-MAD,2022,14,2022-04-04,4029,20,741722.00,766999.5000,1670495.806
94,MAK-MAD,2022,14,2022-04-05,4526,20,836153.00,857241.0000,1902959.930
95,MAK-MAD,2022,14,2022-04-06,5379,20,1024495.25,1054195.7500,2253836.260
96,MAK-MAD,2022,14,2022-04-07,5492,20,1171541.15,1191109.0000,2260323.476
97,MAK-MAD,2022,14,2022-04-08,4972,18,1013682.50,1026153.0000,2045694.150
98,MAK-MAD,2022,14,2022-04-09,6247,19,1310609.00,1329041.0000,2525171.344
99,MAK-MAD,2022,15,2022-04-10,5533,18,972061.50,982308.5000,2117875.494
100,MAK-MAD,2022,15,2022-04-11,5508,18,1031398.50,1038130.5000,2180763.100
101,MAK-MAD,2022,15,2022-04-12,5636,18,1116501.50,1130160.5000,2252001.248
102,MAK-MAD,2022,15,2022-04-13,5849,18,1185351.50,1191441.0000,2322532.360
103,MAK-MAD,2022,15,2022-04-14,6880,22,1422059.00,1431288.5000,2733847.088
104,MAK-MAD,2022,15,2022-04-15,6367,20,1294674.50,1299470.0000,2545089.422
105,MAK-MAD,2022,15,2022-04-16,7362,20,1611450.50,1617417.0000,2931160.702
106,MAK-MAD,2022,16,2022-04-17,6972,22,1370572.00,1375363.0000,2771186.476
107,MAK-MAD,2022,16,2022-04-18,7138,22,1420153.00,1424358.5000,2872032.908
108,MAK-MAD,2022,16,2022-04-19,7491,22,1510351.50,1516096.5000,2995953.938
109,MAK-MAD,2022,16,2022-04-20,8019,22,1619994.00,1625393.0000,3163617.932
110,MAK-MAD,2022,16,2022-04-21,9732,24,2268426.00,2275155.0000,3904272.972
111,MAK-MAD,2022,16,2022-04-22,7675,22,1628543.00,1636398.0000,3074955.168
112,MAK-MAD,2022,16,2022-04-23,8128,22,1750347.00,1761073.5000,3229668.220
113,MAK-MAD,2022,17,2022-04-24,9322,28,1974853.50,1981363.5000,3762049.130
114,MAK-MAD,2022,17,2022-04-25,11089,40,2340057.50,2345474.5000,4472586.098
115,MAK-MAD,2022,17,2022-04-26,11897,40,2560882.50,2564441.5000,4844451.502
116,MAK-MAD,2022,17,2022-04-27,9772,40,1987384.50,1991619.0000,3889223.552
117,MAK-MAD,2022,17,2022-04-28,11621,40,2436242.00,2443924.0000,4682445.648
118,MAK-MAD,2022,17,2022-04-29,8433,31,1623601.50,1625346.5000,3277255.208
119,MAK-MAD,2022,17,2022-04-30,9296,31,1925439.50,1931306.0000,3685208.594
120,MAK-MAD,2022,18,2022-05-01,6814,40,1283312.00,1286931.0000,2692452.364
121,MAK-MAD,2022,18,2022-05-02,8255,28,1672834.00,1673809.0000,3280263.786
122,MAK-MAD,2022,18,2022-05-03,5219,24,1107044.50,1110734.5000,2007858.596
123,MAK-MAD,2022,18,2022-05-04,5838,14,1068749.50,1068749.5000,2237556.976
124,MAK-MAD,2022,18,2022-05-05,5434,14,983586.50,983586.5000,2147842.822
125,MAK-MAD,2022,18,2022-05-06,4961,14,864428.00,864578.0000,1960842.870
126,MAK-MAD,2022,18,2022-05-07,5265,14,887670.00,887670.0000,2047821.920
127,MAK-MAD,2022,19,2022-05-08,3804,14,594181.50,594181.5000,1508234.138
128,MAK-MAD,2022,19,2022-05-09,3231,14,487339.50,488089.5000,1261006.684
129,MAK-MAD,2022,19,2022-05-10,3536,14,577177.50,577177.5000,1436675.906
130,MAK-MAD,2022,19,2022-05-11,3382,14,508976.00,508976.0000,1321894.194
131,MAK-MAD,2022,19,2022-05-12,3562,14,581022.00,582632.0000,1418920.086
132,MAK-MAD,2022,19,2022-05-13,3299,15,539234.00,539234.0000,1322987.316
133,MAK-MAD,2022,19,2022-05-14,3855,14,650869.50,651419.5000,1556688.072
134,MAK-MAD,2022,20,2022-05-15,3114,14,484420.50,485365.5000,1217211.680
135,MAK-MAD,2022,20,2022-05-16,3006,14,483258.00,483758.0000,1172445.460
136,MAK-MAD,2022,20,2022-05-17,3315,14,531676.00,531676.0000,1311661.404
137,MAK-MAD,2022,20,2022-05-18,3380,14,540486.00,540486.0000,1324920.482
138,MAK-MAD,2022,20,2022-05-19,4179,14,687895.00,689400.0000,1631821.586
139,MAK-MAD,2022,20,2022-05-20,3777,14,612111.50,612111.5000,1472772.602
140,MAK-MAD,2022,20,2022-05-21,4260,14,701843.00,701843.0000,1683042.406
141,MAK-MAD,2022,21,2022-05-22,3380,14,565805.00,565805.0000,1360382.320
142,MAK-MAD,2022,21,2022-05-23,3295,14,518446.00,518446.0000,1299088.996
143,MAK-MAD,2022,21,2022-05-24,4472,14,729829.50,730129.5000,1730483.110
144,MAK-MAD,2022,21,2022-05-25,4621,14,739953.00,739953.0000,1774730.734
145,MAK-MAD,2022,21,2022-05-26,4975,14,826107.50,826422.5000,1916030.166
146,MAK-MAD,2022,21,2022-05-27,4498,14,740355.00,740505.0000,1726182.334
147,MAK-MAD,2022,21,2022-05-28,4914,14,833150.00,833150.0000,1918597.438
148,MAK-MAD,2022,22,2022-05-29,3477,14,525615.31,537609.5000,1328878.592
149,MAK-MAD,2022,22,2022-05-30,3132,14,476329.44,492450.9200,1206634.584
150,MAK-MAD,2022,22,2022-05-31,3010,14,441794.57,460121.5000,1149805.508
151,MAK-MAD,2022,22,2022-06-01,3173,14,449986.25,469513.5000,1202574.544
152,MAK-MAD,2022,22,2022-06-02,3901,14,567144.68,586816.9400,1448652.508
153,MAK-MAD,2022,22,2022-06-03,3502,14,513924.71,525511.5000,1316952.008
154,MAK-MAD,2022,22,2022-06-04,3848,14,547227.66,568172.5000,1448485.334
155,MAK-MAD,2022,23,2022-06-05,2815,14,365989.81,392312.4800,1058249.072
156,MAK-MAD,2022,23,2022-06-06,2690,14,344809.90,370549.5000,1011775.714
157,MAK-MAD,2022,23,2022-06-07,2845,14,370564.02,394308.5000,1062140.930
158,MAK-MAD,2022,23,2022-06-08,3136,14,425359.80,452761.0000,1179709.680
159,MAK-MAD,2022,23,2022-06-09,3943,14,550890.87,577573.0000,1450757.444
160,MAK-MAD,2022,23,2022-06-10,3310,14,444583.99,463811.4600,1228032.462
161,MAK-MAD,2022,23,2022-06-11,3884,14,517928.32,552307.5000,1409853.262
162,MAK-MAD,2022,24,2022-06-12,2799,14,322701.43,375650.0000,1032805.144
163,MAK-MAD,2022,24,2022-06-13,2745,14,301654.25,356871.5000,1000971.670
164,MAK-MAD,2022,24,2022-06-14,3352,14,392838.64,444244.5000,1217377.860
165,MAK-MAD,2022,24,2022-06-15,3317,14,410702.22,438713.0000,1186444.506
166,MAK-MAD,2022,24,2022-06-16,3530,14,446651.91,476079.5000,1266633.552
167,MAK-MAD,2022,24,2022-06-17,2919,14,353502.45,380860.5000,1042205.336
168,MAK-MAD,2022,24,2022-06-18,3615,14,456470.45,483524.0000,1300413.456
169,MAK-MAD,2022,25,2022-06-19,1910,14,209314.40,236256.5000,685894.758
170,MAK-MAD,2022,25,2022-06-20,1870,14,201873.80,228424.0000,654188.808
171,MAK-MAD,2022,25,2022-06-21,1943,14,208604.45,236949.5000,682329.494
172,MAK-MAD,2022,25,2022-06-22,2111,14,244030.75,271420.0000,758534.434
173,MAK-MAD,2022,25,2022-06-23,2671,26,297349.75,335687.5000,929529.850
174,MAK-MAD,2022,25,2022-06-24,2305,26,277489.15,304465.0000,832508.486
175,MAK-MAD,2022,25,2022-06-25,2408,26,251081.00,291119.0000,834868.054
176,MAK-MAD,2022,26,2022-06-26,2073,14,257680.55,283560.5000,767643.804
177,MAK-MAD,2022,26,2022-06-27,1725,14,184966.75,213007.0000,583212.024
178,MAK-MAD,2022,26,2022-06-28,1797,14,194680.25,221910.5000,627265.456
179,MAK-MAD,2022,26,2022-06-29,2435,14,276115.68,302441.0000,862007.852
180,MAK-MAD,2022,26,2022-06-30,4005,16,519284.45,544575.5000,1441713.882
181,MAK-MAD,2022,26,2022-07-01,2720,16,320422.60,330742.5000,919617.298
182,MAK-MAD,2022,26,2022-07-02,3682,16,489455.50,504851.5000,1281311.648
183,MAK-MAD,2022,27,2022-07-03,3953,16,638297.75,661418.0000,1479795.770
184,MAK-MAD,2022,27,2022-07-04,4311,16,747862.60,772131.0000,1626007.380
185,MAK-MAD,2022,27,2022-07-05,4696,16,823226.25,847811.0000,1745126.932
186,MAK-MAD,2022,27,2022-07-06,9021,34,1731185.30,1752639.0000,3420148.274
187,MAK-MAD,2022,27,2022-07-07,8702,34,1453246.90,1463933.0000,3152396.290
188,MAK-MAD,2022,27,2022-07-08,4415,34,553945.85,571653.5000,1485702.128
189,MAK-MAD,2022,27,2022-07-09,3573,14,519304.70,526944.0000,1286076.356
190,MAK-MAD,2022,28,2022-07-10,3700,14,557117.05,561403.0000,1321921.014
191,MAK-MAD,2022,28,2022-07-11,9250,40,1677835.10,1768087.5000,3427489.132
192,MAK-MAD,2022,28,2022-07-12,8115,38,1473603.25,1581731.0000,3124983.780
193,MAK-MAD,2022,28,2022-07-13,7196,34,1480617.40,1525274.5000,2898017.554
194,MAK-MAD,2022,28,2022-07-14,4524,16,785504.95,808548.5000,1777846.690
195,MAK-MAD,2022,28,2022-07-15,4279,16,682531.30,706390.5000,1705897.878
196,MAK-MAD,2022,28,2022-07-16,4571,16,716868.50,727093.0000,1774525.772
197,MAK-MAD,2022,29,2022-07-17,3542,14,512162.45,535533.5000,1338315.652
198,MAK-MAD,2022,29,2022-07-18,3128,14,411922.15,436340.5000,1177105.708
199,MAK-MAD,2022,29,2022-07-19,3513,14,520927.70,544524.5000,1352720.558
200,MAK-MAD,2022,29,2022-07-20,3559,14,515439.25,538727.5000,1367686.808
201,MAK-MAD,2022,29,2022-07-21,3448,14,467735.90,493992.5000,1280648.710
202,MAK-MAD,2022,29,2022-07-22,3174,14,438702.95,455051.0000,1183789.582
203,MAK-MAD,2022,29,2022-07-23,3637,14,490524.45,515547.5000,1351338.658
204,MAK-MAD,2022,30,2022-07-24,3125,14,410578.20,437371.5000,1169865.234
205,MAK-MAD,2022,30,2022-07-25,2900,14,355817.45,382124.0000,1066985.910
206,MAK-MAD,2022,30,2022-07-26,3063,14,383159.75,408855.5000,1125563.608
207,MAK-MAD,2022,30,2022-07-27,3258,14,411908.95,437861.5000,1195385.930
208,MAK-MAD,2022,30,2022-07-28,4129,14,554554.35,579594.0000,1494321.106
209,MAK-MAD,2022,30,2022-07-29,3693,14,507067.90,523309.0000,1356959.222
210,MAK-MAD,2022,30,2022-07-30,4512,14,643876.55,668574.5000,1652143.926
211,MAK-MAD,2022,31,2022-07-31,5180,14,507945.15,806520.5000,1923589.326
212,MAK-MAD,2022,31,2022-08-01,5063,14,509137.20,793186.4000,1901078.080
213,MAK-MAD,2022,31,2022-08-02,5163,14,530479.35,818679.0000,1903775.678
214,MAK-MAD,2022,31,2022-08-03,5566,14,617077.40,897238.5000,2059922.510
215,MAK-MAD,2022,31,2022-08-04,5195,14,742482.80,797963.5000,1898969.046
216,MAK-MAD,2022,31,2022-08-05,5768,14,659376.90,961744.5000,2130256.796
217,MAK-MAD,2022,31,2022-08-06,5160,14,757960.20,812716.5000,1917916.210
218,MAK-MAD,2022,32,2022-08-07,5445,14,587434.40,901716.5000,2059809.258
219,MAK-MAD,2022,32,2022-08-08,5304,14,558473.80,879040.5000,2010416.178
220,MAK-MAD,2022,32,2022-08-09,5538,14,638567.60,940290.0000,2111093.004
221,MAK-MAD,2022,32,2022-08-10,5856,14,679475.05,983288.0000,2149084.022
222,MAK-MAD,2022,32,2022-08-11,5539,14,828157.65,890313.5000,2045806.994
223,MAK-MAD,2022,32,2022-08-12,5798,14,670843.30,983465.5000,2143717.464
224,MAK-MAD,2022,32,2022-08-13,5828,14,933687.35,984450.5000,2160442.442
225,MAK-MAD,2022,33,2022-08-14,5836,14,685946.55,1007680.5000,2190602.414
226,MAK-MAD,2022,33,2022-08-15,5712,14,672678.50,986320.0000,2172606.684
227,MAK-MAD,2022,33,2022-08-16,6734,18,734507.05,1130260.0000,2560777.996
228,MAK-MAD,2022,33,2022-08-17,7124,18,803598.15,1207525.5000,2692229.528
229,MAK-MAD,2022,33,2022-08-18,6843,18,1003173.10,1112251.5000,2565316.330
230,MAK-MAD,2022,33,2022-08-19,7128,18,812031.95,1197159.5000,2685683.398
231,MAK-MAD,2022,33,2022-08-20,6849,18,1041998.60,1144830.5000,2598683.002
232,MAK-MAD,2022,34,2022-08-21,6919,18,750599.80,1153466.0000,2648073.420
233,MAK-MAD,2022,34,2022-08-22,6864,18,735130.20,1153338.5000,2626607.342
234,MAK-MAD,2022,34,2022-08-23,6875,18,781938.85,1198905.5000,2674275.746
235,MAK-MAD,2022,34,2022-08-24,8541,24,866256.80,1474852.0000,3316788.052
236,MAK-MAD,2022,34,2022-08-25,7203,24,995993.80,1162438.5000,2765987.840
237,MAK-MAD,2022,34,2022-08-26,7815,24,787842.25,1319285.5000,2979595.832
238,MAK-MAD,2022,34,2022-08-27,6365,24,809765.15,973944.5000,2444073.016
239,MAK-MAD,2022,35,2022-08-28,5306,24,545299.30,853136.5000,2058760.832
240,MAK-MAD,2022,35,2022-08-29,5448,18,570880.80,893746.0000,2122545.822
241,MAK-MAD,2022,35,2022-08-30,5396,18,580099.95,889672.0000,2125379.632
242,MAK-MAD,2022,35,2022-08-31,5896,18,601444.40,949623.0000,2267788.420
243,MAK-MAD,2022,35,2022-09-01,6341,18,894401.10,976005.0000,2435116.924
244,MAK-MAD,2022,35,2022-09-02,5692,18,742745.65,823876.0000,2161071.872
245,MAK-MAD,2022,35,2022-09-03,6301,18,884791.65,966529.5000,2419789.154
246,MAK-MAD,2022,36,2022-09-04,4933,18,620288.00,721319.0000,1947782.250
247,MAK-MAD,2022,36,2022-09-05,4826,18,626902.05,720308.0000,1917132.178
248,MAK-MAD,2022,36,2022-09-06,5120,18,685286.55,778048.5000,2034704.126
249,MAK-MAD,2022,36,2022-09-07,5704,18,774887.60,882702.5000,2257577.206
250,MAK-MAD,2022,36,2022-09-08,6195,18,884784.80,963608.0000,2382982.478
251,MAK-MAD,2022,36,2022-09-09,5911,18,828130.95,913662.0000,2289734.660
252,MAK-MAD,2022,36,2022-09-10,6472,18,921821.80,1015263.0000,2494955.054
253,MAK-MAD,2022,37,2022-09-11,4951,18,632244.00,726291.0000,1956496.806
254,MAK-MAD,2022,37,2022-09-12,5038,18,666603.65,759948.5000,2007123.520
255,MAK-MAD,2022,37,2022-09-13,5288,18,747399.00,840178.0000,2131365.554
256,MAK-MAD,2022,37,2022-09-14,5558,18,743661.70,837541.0000,2196943.434
257,MAK-MAD,2022,37,2022-09-15,6436,20,918159.55,995221.0000,2459248.966
258,MAK-MAD,2022,37,2022-09-16,6069,21,833678.85,917502.0000,2302946.314
259,MAK-MAD,2022,37,2022-09-17,6287,20,888773.75,967677.5000,2415648.080
260,MAK-MAD,2022,38,2022-09-18,5115,18,699678.55,792591.5000,2016986.518
261,MAK-MAD,2022,38,2022-09-19,5648,18,751494.95,844116.0000,2186973.890
262,MAK-MAD,2022,38,2022-09-20,8022,32,1121466.40,1226371.0000,3039246.476
263,MAK-MAD,2022,38,2022-09-21,8316,32,1207418.70,1306330.0000,3137955.048
264,MAK-MAD,2022,38,2022-09-22,7506,32,1112533.35,1201717.5000,2858022.832
265,MAK-MAD,2022,38,2022-09-23,11769,34,1077413.55,1343116.5000,3160663.334
266,MAK-MAD,2022,38,2022-09-24,8864,32,1297118.85,1387182.0000,3273246.426
267,MAK-MAD,2022,39,2022-09-25,5174,18,681547.55,776606.0000,2029381.774
268,MAK-MAD,2022,39,2022-09-26,4954,18,675136.10,770610.5000,1954009.748
269,MAK-MAD,2022,39,2022-09-27,4962,18,669048.00,758926.5000,1944508.278
270,MAK-MAD,2022,39,2022-09-28,5559,18,781981.60,874768.0000,2174509.930
271,MAK-MAD,2022,39,2022-09-29,6590,20,983405.50,1066168.0000,2471103.096
272,MAK-MAD,2022,39,2022-09-30,5953,20,827652.10,919993.0000,2225730.032
273,MAK-MAD,2022,39,2022-10-01,6557,20,970103.15,1060142.0000,2527394.964
274,MAK-MAD,2022,40,2022-10-02,5067,18,691650.20,780996.5000,1973698.156
275,MAK-MAD,2022,40,2022-10-03,5154,18,728317.65,818412.0000,2012756.952
276,MAK-MAD,2022,40,2022-10-04,5182,18,725813.50,815032.0000,2044928.174
277,MAK-MAD,2022,40,2022-10-05,5763,18,848594.75,936983.0000,2271489.728
278,MAK-MAD,2022,40,2022-10-06,7941,26,1212640.45,1308119.0000,3077132.990
279,MAK-MAD,2022,40,2022-10-07,6815,21,1027715.40,1117148.5000,2616746.300
280,MAK-MAD,2022,40,2022-10-08,8461,25,1369863.50,1462853.0000,3328094.420
281,MAK-MAD,2022,41,2022-10-09,5924,18,902130.30,996198.0000,2344998.508
282,MAK-MAD,2022,41,2022-10-10,5851,18,873767.75,966445.0000,2331530.146
283,MAK-MAD,2022,41,2022-10-11,5799,18,848356.00,951244.0000,2307985.492
284,MAK-MAD,2022,41,2022-10-12,6352,18,954445.95,1041066.0000,2481171.500
285,MAK-MAD,2022,41,2022-10-13,9492,26,1444470.80,1551866.5000,3632989.556
286,MAK-MAD,2022,41,2022-10-14,7758,21,1126245.85,1223231.5000,2927158.490
287,MAK-MAD,2022,41,2022-10-15,8855,25,1384512.30,1483643.0000,3417284.616
288,MAK-MAD,2022,42,2022-10-16,7437,21,1084728.20,1187389.0000,2860163.918
289,MAK-MAD,2022,42,2022-10-17,8598,25,1261554.30,1369846.5000,3291113.764
290,MAK-MAD,2022,42,2022-10-18,6015,18,878120.65,968712.5000,2365578.140
291,MAK-MAD,2022,42,2022-10-19,5912,18,876900.55,967934.5000,2337320.828
292,MAK-MAD,2022,42,2022-10-20,7566,26,1152057.25,1235614.0000,2960307.446
293,MAK-MAD,2022,42,2022-10-21,6735,22,960428.50,1048749.5000,2600535.806
294,MAK-MAD,2022,42,2022-10-22,7810,25,1203683.05,1280200.0000,3066948.350
295,MAK-MAD,2022,43,2022-10-23,6054,18,903305.60,998877.5000,2401810.792
296,MAK-MAD,2022,43,2022-10-24,6071,18,933774.55,1030144.0000,2455500.186
297,MAK-MAD,2022,43,2022-10-25,6017,18,929138.30,1015778.0000,2423592.008
298,MAK-MAD,2022,43,2022-10-26,6346,18,1004380.30,1091369.5000,2548941.262
299,MAK-MAD,2022,43,2022-10-27,8537,26,1291091.05,1390345.5000,3277674.040
300,MAK-MAD,2022,43,2022-10-28,7220,21,1066542.15,1159335.0000,2760610.316
301,MAK-MAD,2022,43,2022-10-29,8310,25,1231113.15,1328718.0000,3199330.508
302,MAK-MAD,2022,44,2022-10-30,5967,18,887490.75,980239.5000,2371241.096
303,MAK-MAD,2022,44,2022-10-31,5901,18,887520.55,981179.5000,2362134.070
304,MAK-MAD,2022,44,2022-11-01,5722,22,855465.00,908958.5000,2267924.424
305,MAK-MAD,2022,44,2022-11-02,5996,22,883089.00,935093.0000,2336719.916
306,MAK-MAD,2022,44,2022-11-03,7712,28,1245255.20,1274879.5000,3032752.964
307,MAK-MAD,2022,44,2022-11-04,6206,22,966825.60,1005996.0000,2438850.242
308,MAK-MAD,2022,44,2022-11-05,8088,27,1297401.30,1329872.5000,3189100.802
309,MAK-MAD,2022,45,2022-11-06,5853,22,910370.95,962573.5000,2361270.416
310,MAK-MAD,2022,45,2022-11-07,6001,22,935996.50,985219.5000,2426956.616
311,MAK-MAD,2022,45,2022-11-08,6414,22,1008287.45,1062969.0000,2569575.978
312,MAK-MAD,2022,45,2022-11-09,7443,22,1158562.10,1215214.5000,2881796.996
313,MAK-MAD,2022,45,2022-11-10,8507,26,1342702.25,1378061.0000,3268237.772
314,MAK-MAD,2022,45,2022-11-11,7005,25,1091905.72,1141573.5000,2732620.302
315,MAK-MAD,2022,45,2022-11-12,9571,31,1596870.40,1634095.0000,3784837.588
316,MAK-MAD,2022,46,2022-11-13,6596,24,1008695.50,1064623.0000,2633255.108
317,MAK-MAD,2022,46,2022-11-14,6807,22,1139353.50,1184809.0000,2764787.344
318,MAK-MAD,2022,46,2022-11-15,6789,22,1136205.50,1185356.5000,2742203.874
319,MAK-MAD,2022,46,2022-11-16,7116,22,1167371.35,1216200.5000,2860898.872
320,MAK-MAD,2022,46,2022-11-17,8422,29,1332024.50,1366872.0000,3327178.020
321,MAK-MAD,2022,46,2022-11-18,6925,22,1112526.10,1154605.0000,2744894.282
322,MAK-MAD,2022,46,2022-11-19,8272,27,1361419.80,1391251.5000,3323621.256
323,MAK-MAD,2022,47,2022-11-20,7005,23,1193267.40,1237969.5000,2848154.398
324,MAK-MAD,2022,47,2022-11-21,6588,22,1061064.60,1112478.5000,2651603.670
325,MAK-MAD,2022,47,2022-11-22,7296,23,1231413.50,1276616.0000,2971051.124
326,MAK-MAD,2022,47,2022-11-23,9536,39,1522749.55,1572158.0000,3847065.224
327,MAK-MAD,2022,47,2022-11-24,10473,40,1707520.55,1731126.5000,4176223.876
328,MAK-MAD,2022,47,2022-11-25,8830,42,1411808.80,1445956.0000,3560033.224
329,MAK-MAD,2022,47,2022-11-26,10819,40,1821769.65,1852678.5000,4335022.690
330,MAK-MAD,2022,48,2022-11-27,10768,40,1719380.30,1775796.5000,4269666.074
331,MAK-MAD,2022,48,2022-11-28,10366,40,1654793.00,1705301.0000,4083572.934
332,MAK-MAD,2022,48,2022-11-29,11001,40,1754480.50,1810802.5000,4351615.716
333,MAK-MAD,2022,48,2022-11-30,11004,37,1740671.40,1795804.5000,4337198.514
334,MAK-MAD,2022,48,2022-12-01,11397,40,1878460.50,1909806.0000,4520554.178
335,MAK-MAD,2022,48,2022-12-02,11231,42,1828251.90,1860882.0000,4440348.146
336,MAK-MAD,2022,48,2022-12-03,11843,40,1984234.40,2012489.0000,4718758.836
337,MAK-MAD,2022,49,2022-12-04,8251,39,1241883.75,1290811.5000,3244373.028
338,MAK-MAD,2022,49,2022-12-05,7320,22,1216876.65,1266804.0000,2913202.844
339,MAK-MAD,2022,49,2022-12-06,6917,22,1125193.95,1175209.5000,2778822.546
340,MAK-MAD,2022,49,2022-12-07,7752,22,1279530.25,1335744.5000,3091937.024
341,MAK-MAD,2022,49,2022-12-08,9278,28,1590843.85,1616240.0000,3701695.002
342,MAK-MAD,2022,49,2022-12-09,7520,22,1292521.40,1331991.0000,3004178.780
343,MAK-MAD,2022,49,2022-12-10,9624,27,1673370.30,1706365.5000,3831655.534
344,MAK-MAD,2022,50,2022-12-11,7356,22,1260883.55,1309148.5000,2979498.638
345,MAK-MAD,2022,50,2022-12-12,7375,22,1300174.35,1344907.5000,3010369.624
346,MAK-MAD,2022,50,2022-12-13,7629,22,1352695.95,1398885.0000,3138330.476
347,MAK-MAD,2022,50,2022-12-14,7938,22,1340597.85,1397913.0000,3173335.468
348,MAK-MAD,2022,50,2022-12-15,11882,34,2041110.90,2073873.0000,4718294.348
349,MAK-MAD,2022,50,2022-12-16,8506,24,1472305.40,1509733.5000,3373916.880
350,MAK-MAD,2022,50,2022-12-17,11512,31,2085380.30,2119545.5000,4609517.096
351,MAK-MAD,2022,51,2022-12-18,9828,28,1693776.20,1739957.0000,3959626.430
352,MAK-MAD,2022,51,2022-12-19,8285,22,1511694.70,1557785.5000,3315531.042
353,MAK-MAD,2022,51,2022-12-20,8396,22,1573574.75,1622005.5000,3377642.672
354,MAK-MAD,2022,51,2022-12-21,8530,22,1609856.95,1656613.5000,3401652.350
355,MAK-MAD,2022,51,2022-12-22,10300,28,1948480.55,1973974.0000,4145798.158
356,MAK-MAD,2022,51,2022-12-23,8276,24,1482180.80,1516779.5000,3299327.300
357,MAK-MAD,2022,51,2022-12-24,10771,29,2043737.25,2070046.0000,4319541.042
358,MAK-MAD,2022,52,2022-12-25,9188,26,1704405.50,1752678.5000,3695017.456
359,MAK-MAD,2022,52,2022-12-26,9334,26,1781156.60,1825374.5000,3768460.428
360,MAK-MAD,2022,52,2022-12-27,9886,26,1853149.80,1902345.0000,3959868.462
361,MAK-MAD,2022,52,2022-12-28,10284,26,1904397.25,1954091.5000,4045885.522
362,MAK-MAD,2022,52,2022-12-29,11777,32,2167414.45,2190246.5000,4669092.772
363,MAK-MAD,2022,52,2022-12-30,9949,28,1843494.55,1874224.5000,4038000.782
364,MAK-MAD,2022,52,2022-12-31,12096,32,2313421.05,2339421.5000,4841204.706
365,MAK-MAD,2023,1,2023-01-01,8955,26,1701755.40,1735992.5000,3635271.178
366,MAK-MAD,2023,1,2023-01-02,8601,26,1608971.30,1640045.0000,3548755.754
367,MAK-MAD,2023,1,2023-01-03,8613,26,1564730.90,1594714.0000,3517832.902
368,MAK-MAD,2023,1,2023-01-04,8682,26,1550654.70,1581958.5000,3566284.344
369,MAK-MAD,2023,1,2023-01-05,10131,32,1784963.00,1805705.5000,4124768.292
370,MAK-MAD,2023,1,2023-01-06,7883,26,1338778.20,1362501.0000,3160451.900
371,MAK-MAD,2023,1,2023-01-07,9938,32,1723420.80,1742034.5000,4042742.152
372,MAK-MAD,2023,2,2023-01-08,7586,26,1313821.00,1338052.0000,3124466.346
373,MAK-MAD,2023,2,2023-01-09,7398,26,1285025.30,1311338.5000,3037313.080
374,MAK-MAD,2023,2,2023-01-10,7556,26,1318841.40,1348715.5000,3109708.096
375,MAK-MAD,2023,2,2023-01-11,7703,26,1264463.45,1290204.5000,3105158.152
376,MAK-MAD,2023,2,2023-01-12,11292,32,1961378.50,1979479.0000,4494483.010
377,MAK-MAD,2023,2,2023-01-13,8795,26,1499591.90,1521384.5000,3471921.252
378,MAK-MAD,2023,2,2023-01-14,10833,32,1908078.40,1922669.5000,4252655.676
379,MAK-MAD,2023,3,2023-01-15,9230,26,1653402.55,1678351.0000,3689954.204
380,MAK-MAD,2023,3,2023-01-16,9554,26,1702698.20,1726507.5000,3770444.412
381,MAK-MAD,2023,3,2023-01-17,8141,26,1435047.60,1460361.0000,3317783.908
382,MAK-MAD,2023,3,2023-01-18,8074,26,1418687.55,1442631.0000,3333547.124
383,MAK-MAD,2023,3,2023-01-19,9341,32,1636373.35,1647473.0000,3779705.428
384,MAK-MAD,2023,3,2023-01-20,7849,26,1336475.25,1352234.5000,3158508.292
385,MAK-MAD,2023,3,2023-01-21,10540,32,1932432.55,1945399.0000,4296995.944
386,MAK-MAD,2023,4,2023-01-22,7767,26,1354587.00,1380294.0000,3175424.882
387,MAK-MAD,2023,4,2023-01-23,7669,26,1412694.90,1438367.5000,3143399.702
388,MAK-MAD,2023,4,2023-01-24,8743,27,1643542.85,1667845.5000,3626669.310
389,MAK-MAD,2023,4,2023-01-25,8948,27,1610587.45,1634894.5000,3636519.488
390,MAK-MAD,2023,4,2023-01-26,10564,32,1892235.05,1903164.5000,4270895.374
391,MAK-MAD,2023,4,2023-01-27,8685,26,1572625.50,1587832.0000,3463237.590
392,MAK-MAD,2023,4,2023-01-28,11666,32,2147214.60,2159091.0000,4718095.324
393,MAK-MAD,2023,5,2023-01-29,8087,26,1464242.60,1487113.5000,3308560.156
394,MAK-MAD,2023,5,2023-01-30,8614,26,1599817.55,1621735.0000,3535908.994
395,MAK-MAD,2023,5,2023-01-31,8279,26,1524316.85,1546644.5000,3397874.228
396,MAK-MAD,2023,5,2023-02-01,9709,30,1710057.10,1738046.0000,3982350.096
397,MAK-MAD,2023,5,2023-02-02,11572,38,1969933.35,1984051.5000,4616702.760
398,MAK-MAD,2023,5,2023-02-03,8673,30,1411734.40,1431100.0000,3430592.602
399,MAK-MAD,2023,5,2023-02-04,12595,38,2214625.60,2231594.5000,5143402.068
400,MAK-MAD,2023,6,2023-02-05,8753,28,1517897.65,1539584.0000,3579772.312
401,MAK-MAD,2023,6,2023-02-06,8942,28,1596143.40,1621819.5000,3712460.180
402,MAK-MAD,2023,6,2023-02-07,8981,28,1594874.20,1621720.0000,3701550.994
403,MAK-MAD,2023,6,2023-02-08,8632,30,1530557.20,1551087.0000,3503043.092
404,MAK-MAD,2023,6,2023-02-09,10079,38,1834726.75,1849510.0000,3954983.216
405,MAK-MAD,2023,6,2023-02-10,7617,30,1328954.40,1344163.5000,2953287.852
406,MAK-MAD,2023,6,2023-02-11,9818,38,1791666.95,1801811.0000,3890403.920
407,MAK-MAD,2023,7,2023-02-12,8217,28,1492841.30,1510494.5000,3368169.866
408,MAK-MAD,2023,7,2023-02-13,8953,28,1644936.55,1665263.5000,3695354.888
409,MAK-MAD,2023,7,2023-02-14,10061,28,1900686.65,1921115.0000,4132481.992
410,MAK-MAD,2023,7,2023-02-15,9921,30,1796053.50,1814883.0000,4094960.130
411,MAK-MAD,2023,7,2023-02-16,11852,38,2087952.85,2098751.5000,4837961.568
412,MAK-MAD,2023,7,2023-02-17,9207,30,1620781.55,1634711.5000,3741194.758
413,MAK-MAD,2023,7,2023-02-18,11573,38,2032725.10,2042809.0000,4724913.582
414,MAK-MAD,2023,8,2023-02-19,8947,28,1617274.15,1636703.5000,3697660.332
415,MAK-MAD,2023,8,2023-02-20,9388,28,1757677.30,1775801.5000,3888947.212
416,MAK-MAD,2023,8,2023-02-21,10748,28,2026166.00,2044872.5000,4352234.594
417,MAK-MAD,2023,8,2023-02-22,10337,30,1839995.40,1857762.0000,4202004.556
418,MAK-MAD,2023,8,2023-02-23,11576,38,2016292.25,2024888.0000,4736921.716
419,MAK-MAD,2023,8,2023-02-24,9619,30,1709033.40,1723811.5000,3907489.316
420,MAK-MAD,2023,8,2023-02-25,12169,38,2147314.10,2155371.5000,4971040.462
421,MAK-MAD,2023,9,2023-02-26,8576,28,1522405.25,1540794.5000,3552410.578
422,MAK-MAD,2023,9,2023-02-27,8130,28,1396116.50,1410706.0000,3347673.868
423,MAK-MAD,2023,9,2023-02-28,8287,28,1451255.85,1464826.0000,3384375.764
424,MAK-MAD,2023,9,2023-03-01,9167,30,1551951.75,1565824.5000,3711277.364
425,MAK-MAD,2023,9,2023-03-02,13042,38,2190143.30,2196261.0000,5159239.130
426,MAK-MAD,2023,9,2023-03-03,10192,30,1709626.80,1720977.0000,4019622.206
427,MAK-MAD,2023,9,2023-03-04,12540,40,2107196.55,2111511.0000,5005695.960
428,MAK-MAD,2023,10,2023-03-05,10659,30,1841044.70,1855580.0000,4262732.876
429,MAK-MAD,2023,10,2023-03-06,10968,30,1911032.70,1926396.0000,4368364.096
430,MAK-MAD,2023,10,2023-03-07,11102,30,1960412.10,1976655.0000,4379037.008
431,MAK-MAD,2023,10,2023-03-08,11007,32,1837965.05,1850148.0000,4359822.970
432,MAK-MAD,2023,10,2023-03-09,12485,40,2060108.80,2064862.5000,4950578.578
433,MAK-MAD,2023,10,2023-03-10,10544,32,1737300.80,1750206.5000,4139759.296
434,MAK-MAD,2023,10,2023-03-11,12396,41,2031513.95,2039729.5000,4923999.566
435,MAK-MAD,2023,11,2023-03-12,8583,28,1438132.55,1455561.5000,3456827.780
436,MAK-MAD,2023,11,2023-03-13,8908,28,1557842.75,1575166.0000,3646391.422
437,MAK-MAD,2023,11,2023-03-14,9449,28,1701195.80,1716197.5000,3883442.312
438,MAK-MAD,2023,11,2023-03-15,8962,30,1526845.75,1542596.5000,3673177.756
439,MAK-MAD,2023,11,2023-03-16,10577,38,1766363.50,1779143.5000,4201779.390
440,MAK-MAD,2023,11,2023-03-17,8896,30,1478291.20,1492802.5000,3544958.638
441,MAK-MAD,2023,11,2023-03-18,10686,38,1775429.50,1781686.0000,4229338.246
442,MAK-MAD,2023,12,2023-03-19,7467,28,1224860.70,1238050.5000,2964842.232
443,MAK-MAD,2023,12,2023-03-20,7708,28,1312290.85,1328383.0000,3081206.118
444,MAK-MAD,2023,12,2023-03-21,7227,28,1282045.10,1296198.5000,2903141.186
445,MAK-MAD,2023,12,2023-03-22,5947,20,1140206.50,1144888.0000,2314948.730
446,MAK-MAD,2023,12,2023-03-23,9732,36,1968254.00,1972296.0000,3928584.276
447,MAK-MAD,2023,12,2023-03-24,9192,46,1742192.50,1751844.5000,3677653.982
448,MAK-MAD,2023,12,2023-03-25,11243,38,2294470.50,2301394.0000,4497202.024
449,MAK-MAD,2023,13,2023-03-26,9655,32,1865474.50,1871843.5000,3868714.942
450,MAK-MAD,2023,13,2023-03-27,9730,30,1900364.00,1909659.0000,3882240.336
451,MAK-MAD,2023,13,2023-03-28,10491,30,2104410.00,2118675.0000,4188934.850
452,MAK-MAD,2023,13,2023-03-29,10883,30,2095823.50,2126517.0000,4230335.676
453,MAK-MAD,2023,13,2023-03-30,12854,36,2357866.00,2403925.0000,4869935.746
454,MAK-MAD,2023,13,2023-03-31,13274,46,2214981.83,2302023.5000,4781603.498
455,MAK-MAD,2023,13,2023-04-01,15008,40,2678435.20,2754648.5000,5394516.026
456,MAK-MAD,2023,14,2023-04-02,13233,36,2217389.00,2275200.0000,4770810.520
457,MAK-MAD,2023,14,2023-04-03,12752,34,2170625.00,2225136.0000,4625967.568
458,MAK-MAD,2023,14,2023-04-04,13338,34,2394821.00,2443194.0000,4944679.442
459,MAK-MAD,2023,14,2023-04-05,13859,34,2575340.00,2637697.0000,5217675.934
460,MAK-MAD,2023,14,2023-04-06,15293,36,2848039.00,2908570.5000,5625510.336
461,MAK-MAD,2023,14,2023-04-07,17147,46,2754254.48,2892211.8500,5932748.862
462,MAK-MAD,2023,14,2023-04-08,17472,42,3068167.40,3174492.0000,6196241.270
463,MAK-MAD,2023,15,2023-04-09,15503,36,2772843.50,2836748.5000,5585772.032
464,MAK-MAD,2023,15,2023-04-10,15174,34,3106685.50,3163530.0000,5723515.312
465,MAK-MAD,2023,15,2023-04-11,17230,38,3958745.00,4070442.5000,6730002.356
466,MAK-MAD,2023,15,2023-04-12,14602,36,2881260.50,2944086.5000,5383958.356
467,MAK-MAD,2023,15,2023-04-13,16165,38,3047518.00,3195307.5000,5905998.264
468,MAK-MAD,2023,15,2023-04-14,18317,46,3121474.54,3279085.8500,6375284.230
469,MAK-MAD,2023,15,2023-04-15,18247,42,3507627.72,3622695.2500,6598067.940
470,MAK-MAD,2023,16,2023-04-16,16828,38,3414704.00,3485655.5000,6235789.636
471,MAK-MAD,2023,16,2023-04-17,15070,36,2842982.50,2911418.0000,5407150.876
472,MAK-MAD,2023,16,2023-04-18,15632,36,2961233.00,3034841.5000,5598072.304
473,MAK-MAD,2023,16,2023-04-19,14343,36,2608590.00,2680377.5000,5082982.836
474,MAK-MAD,2023,16,2023-04-20,13462,34,2373868.00,2423612.0000,4811809.614
475,MAK-MAD,2023,16,2023-04-21,11451,32,2340536.00,2352503.5000,4590011.926
476,MAK-MAD,2023,16,2023-04-22,13156,34,2578477.00,2585085.0000,5296110.892
477,MAK-MAD,2023,17,2023-04-23,9845,26,1894759.00,1899102.5000,3962733.712
478,MAK-MAD,2023,17,2023-04-24,9277,26,1692397.00,1698959.5000,3728798.032
479,MAK-MAD,2023,17,2023-04-25,9251,26,1668143.00,1670439.5000,3708977.806
480,MAK-MAD,2023,17,2023-04-26,9119,28,1456001.00,1480757.0000,3455414.116
481,MAK-MAD,2023,17,2023-04-27,10306,34,1518427.50,1556890.0000,3776056.496
482,MAK-MAD,2023,17,2023-04-28,9207,28,1402708.00,1431497.0000,3428939.272
483,MAK-MAD,2023,17,2023-04-29,11033,35,1709864.50,1740821.5000,4120134.310
484,MAK-MAD,2023,18,2023-04-30,7224,26,1152236.00,1167904.0000,2802867.862
485,MAK-MAD,2023,18,2023-05-01,6771,26,1154267.50,1158179.0000,2751747.984
486,MAK-MAD,2023,18,2023-05-02,6586,26,1103306.00,1120811.5000,2663144.678
487,MAK-MAD,2023,18,2023-05-03,7115,28,1185203.00,1190792.0000,2864914.948
488,MAK-MAD,2023,18,2023-05-04,9881,34,1677440.50,1690363.0000,3925057.556
489,MAK-MAD,2023,18,2023-05-05,7530,28,1232345.50,1240847.5000,2932666.226
490,MAK-MAD,2023,18,2023-05-06,9263,34,1540427.50,1545429.5000,3680117.580
491,MAK-MAD,2023,19,2023-05-07,6571,26,1099474.50,1101812.0000,2645923.042
492,MAK-MAD,2023,19,2023-05-08,6627,26,1141152.00,1145471.5000,2731842.256
493,MAK-MAD,2023,19,2023-05-09,6543,26,1114280.50,1119680.0000,2674040.856
494,MAK-MAD,2023,19,2023-05-10,7226,28,1201007.00,1205148.0000,2906758.288
495,MAK-MAD,2023,19,2023-05-11,9680,34,1571774.77,1578503.0000,3769625.406
496,MAK-MAD,2023,19,2023-05-12,7409,28,1204823.19,1208597.0000,2921416.576
497,MAK-MAD,2023,19,2023-05-13,10485,34,1765376.00,1827053.0000,4132483.728
498,MAK-MAD,2023,20,2023-05-14,6699,26,1138182.50,1141695.0000,2719807.534
499,MAK-MAD,2023,20,2023-05-15,6223,26,1025401.50,1029308.0000,2519387.262
500,MAK-MAD,2023,20,2023-05-16,6244,26,1034668.50,1036429.0000,2511836.898
501,MAK-MAD,2023,20,2023-05-17,6464,28,1041118.00,1042548.0000,2582562.014
502,MAK-MAD,2023,20,2023-05-18,9129,34,1455057.50,1458711.5000,3509707.072
503,MAK-MAD,2023,20,2023-05-19,7160,28,1164037.00,1166052.0000,2828276.562
504,MAK-MAD,2023,20,2023-05-20,9000,34,1454470.50,1456129.0000,3537085.416
505,MAK-MAD,2023,21,2023-05-21,5564,26,877477.00,878902.0000,2198273.026
506,MAK-MAD,2023,21,2023-05-22,4967,26,756546.20,777568.5000,1956208.054
507,MAK-MAD,2023,21,2023-05-23,5356,26,805514.71,848737.8000,2095452.998
508,MAK-MAD,2023,21,2023-05-24,6001,28,871172.41,924461.4500,2292532.724
509,MAK-MAD,2023,21,2023-05-25,9922,34,1432347.78,1594660.8500,3704250.154
510,MAK-MAD,2023,21,2023-05-26,7273,28,1088114.14,1193085.0000,2755371.982
511,MAK-MAD,2023,21,2023-05-27,10046,34,1440784.33,1774967.2000,3691433.012
512,MAK-MAD,2023,22,2023-05-28,6730,26,1014519.60,1119678.2500,2563814.922
513,MAK-MAD,2023,22,2023-05-29,6735,26,1002311.62,1102478.2500,2565827.308
514,MAK-MAD,2023,22,2023-05-30,5649,26,745028.94,827001.6500,2111679.216
515,MAK-MAD,2023,22,2023-05-31,5584,28,717818.14,791955.3000,2063532.296
516,MAK-MAD,2023,22,2023-06-01,7620,34,964604.65,1090716.9500,2699995.822
517,MAK-MAD,2023,22,2023-06-02,6037,28,774335.32,871119.3000,2193764.324
518,MAK-MAD,2023,22,2023-06-03,6725,34,952419.74,1012999.7500,2507563.464
519,MAK-MAD,2023,23,2023-06-04,4562,26,569287.40,643312.3000,1668401.790
520,MAK-MAD,2023,23,2023-06-05,3025,26,345564.34,403033.0000,1097299.564
521,MAK-MAD,2023,23,2023-06-06,2876,26,315807.11,376687.7500,1009355.050
522,MAK-MAD,2023,23,2023-06-07,2795,28,316975.22,363360.5500,996175.776
523,MAK-MAD,2023,23,2023-06-08,4565,34,512997.46,590184.8000,1580080.834
524,MAK-MAD,2023,23,2023-06-09,3419,28,379025.39,437027.0000,1186237.770
525,MAK-MAD,2023,23,2023-06-10,3566,34,452699.75,471504.0000,1263711.574
526,MAK-MAD,2023,24,2023-06-11,2567,26,284970.82,332837.7500,904639.686
527,MAK-MAD,2023,24,2023-06-12,2656,26,285797.20,332397.5000,917684.132
528,MAK-MAD,2023,24,2023-06-13,2797,26,315474.97,362799.0000,974736.118
529,MAK-MAD,2023,24,2023-06-14,5545,28,777256.46,880472.0000,2146359.380
530,MAK-MAD,2023,24,2023-06-15,4218,34,455983.80,521017.0000,1424870.794
531,MAK-MAD,2023,24,2023-06-16,3596,28,404855.43,464733.7000,1234920.218
532,MAK-MAD,2023,24,2023-06-17,4109,34,533648.68,562645.9000,1439221.160
533,MAK-MAD,2023,25,2023-06-18,4353,26,600072.97,689836.8500,1604397.182
534,MAK-MAD,2023,25,2023-06-19,6485,34,1125493.50,1145057.5000,2494946.956
535,MAK-MAD,2023,25,2023-06-20,5053,32,681267.00,683757.5000,1726927.972
536,MAK-MAD,2023,25,2023-06-21,6166,32,933082.50,957537.5000,2219662.256
537,MAK-MAD,2023,25,2023-06-22,11797,39,2374354.00,2548382.5000,4690526.542
538,MAK-MAD,2023,25,2023-06-23,12071,42,2356912.50,2676281.0000,4752755.470
539,MAK-MAD,2023,25,2023-06-24,9304,32,1746700.10,1894749.0000,3480773.208
540,MAK-MAD,2023,26,2023-06-25,15287,49,2768782.10,2925691.0000,5907220.524
541,MAK-MAD,2023,26,2023-06-26,13806,37,2289124.17,2581477.5000,5200574.678
542,MAK-MAD,2023,26,2023-06-27,7195,24,763639.95,902795.0000,2137425.920
543,MAK-MAD,2023,26,2023-06-28,5179,24,639769.50,689988.5000,1826024.206
544,MAK-MAD,2023,26,2023-06-29,6483,24,821329.30,924850.5000,2336658.720
545,MAK-MAD,2023,26,2023-06-30,13667,43,2951341.00,3050711.0000,5526416.570
546,MAK-MAD,2023,26,2023-07-01,16917,53,3509750.50,3582110.5000,6761962.040
547,MAK-MAD,2023,27,2023-07-02,15832,51,3636631.39,3761238.0000,6574474.090
548,MAK-MAD,2023,27,2023-07-03,11011,41,2111384.63,2161222.5000,4489767.306
549,MAK-MAD,2023,27,2023-07-04,8837,36,1510487.00,1561014.0000,3567687.532
550,MAK-MAD,2023,27,2023-07-05,10395,36,1832704.30,1875551.0000,4219207.802
551,MAK-MAD,2023,27,2023-07-06,8594,36,1369909.84,1405084.5000,3376270.434
552,MAK-MAD,2023,27,2023-07-07,7224,36,1104580.76,1132681.0000,2808833.130
553,MAK-MAD,2023,27,2023-07-08,10328,36,1948154.24,1988368.8000,4163667.162
554,MAK-MAD,2023,28,2023-07-09,7343,28,1368435.94,1416393.0000,2994746.832
555,MAK-MAD,2023,28,2023-07-10,5913,22,913529.70,946185.5000,2308092.146
556,MAK-MAD,2023,28,2023-07-11,5685,22,828470.34,858741.5000,2164958.912
557,MAK-MAD,2023,28,2023-07-12,6431,22,1023306.30,1062255.5000,2488067.614
558,MAK-MAD,2023,28,2023-07-13,6910,24,1063778.96,1101782.0000,2664974.744
559,MAK-MAD,2023,28,2023-07-14,6579,24,1045073.42,1094529.5000,2566580.322
560,MAK-MAD,2023,28,2023-07-15,6851,24,1041505.20,1086383.5000,2662762.072
561,MAK-MAD,2023,29,2023-07-16,6124,22,900218.86,1316230.5000,2449541.538
562,MAK-MAD,2023,29,2023-07-17,5592,20,800910.56,1225437.5000,2235214.086
563,MAK-MAD,2023,29,2023-07-18,6558,20,975838.68,1515773.5000,2651358.096
564,MAK-MAD,2023,29,2023-07-19,6800,20,1057145.74,1665473.5000,2767169.676
565,MAK-MAD,2023,29,2023-07-20,7040,18,1045542.40,1634034.5000,2728204.096
566,MAK-MAD,2023,29,2023-07-21,6208,18,889132.00,1440193.5000,2414135.530
567,MAK-MAD,2023,29,2023-07-22,7036,18,998424.00,1582231.5000,2726796.380
568,MAK-MAD,2023,30,2023-07-23,5742,16,825231.10,1352196.0000,2280760.662
569,MAK-MAD,2023,30,2023-07-24,5890,16,843795.60,1386000.0000,2325219.390
570,MAK-MAD,2023,30,2023-07-25,6157,16,897418.80,1430509.5000,2439837.012
571,MAK-MAD,2023,30,2023-07-26,6375,16,911974.20,1455358.0000,2513286.072
572,MAK-MAD,2023,30,2023-07-27,6507,18,883521.00,1456687.5000,2449492.070
573,MAK-MAD,2023,30,2023-07-28,5364,18,727655.10,1163500.0000,1994185.150
574,MAK-MAD,2023,30,2023-07-29,7303,26,988845.90,1500876.0000,2617693.366
575,MAK-MAD,2023,31,2023-07-30,6008,20,976575.00,978498.0000,2262508.916
576,MAK-MAD,2023,31,2023-07-31,6583,20,1098945.00,1101304.0000,2517276.648
577,MAK-MAD,2023,31,2023-08-01,7356,20,1209958.50,1213559.5000,2806949.228
578,MAK-MAD,2023,31,2023-08-02,7797,20,1304173.50,1306804.0000,2969080.282
579,MAK-MAD,2023,31,2023-08-03,9898,26,1597013.50,1598901.5000,3698032.650
580,MAK-MAD,2023,31,2023-08-04,8029,22,1256722.00,1257004.5000,2978870.552
581,MAK-MAD,2023,31,2023-08-05,10050,26,1627857.00,1632657.0000,3819332.648
582,MAK-MAD,2023,32,2023-08-06,8034,20,1382313.50,1385070.0000,3081082.228
583,MAK-MAD,2023,32,2023-08-07,8110,20,1442075.50,1448306.0000,3159410.010
584,MAK-MAD,2023,32,2023-08-08,7975,20,1391484.50,1398836.5000,3125711.658
585,MAK-MAD,2023,32,2023-08-09,9810,28,1621578.00,1624594.0000,3859810.926
586,MAK-MAD,2023,32,2023-08-10,11025,30,1882976.00,1887090.0000,4369226.802
587,MAK-MAD,2023,32,2023-08-11,9371,28,1513766.50,1517597.0000,3651569.600
588,MAK-MAD,2023,32,2023-08-12,10503,30,1758265.50,1761730.5000,4182908.340
589,MAK-MAD,2023,33,2023-08-13,8543,28,1412060.00,1414766.0000,3473987.484
590,MAK-MAD,2023,33,2023-08-14,9169,28,1545170.50,1548162.5000,3688895.476
591,MAK-MAD,2023,33,2023-08-15,9033,28,1490725.00,1494719.0000,3595553.758
592,MAK-MAD,2023,33,2023-08-16,9291,28,1557983.50,1562769.0000,3715829.264
593,MAK-MAD,2023,33,2023-08-17,10238,30,1735351.00,1739999.5000,4039004.768
594,MAK-MAD,2023,33,2023-08-18,8496,28,1360330.50,1363741.5000,3317264.822
595,MAK-MAD,2023,33,2023-08-19,9431,30,1546380.00,1550632.5000,3763079.330
596,MAK-MAD,2023,34,2023-08-20,7426,24,1261793.50,1265043.0000,3000187.954
597,MAK-MAD,2023,34,2023-08-21,6886,24,1149694.00,1153042.5000,2799233.384
598,MAK-MAD,2023,34,2023-08-22,7132,24,1189555.00,1193690.5000,2878991.022
599,MAK-MAD,2023,34,2023-08-23,7527,24,1253530.50,1257557.5000,3021830.976
600,MAK-MAD,2023,34,2023-08-24,9262,28,1515916.00,1518811.5000,3594511.990
601,MAK-MAD,2023,34,2023-08-25,7399,24,1235377.00,1242547.0000,2910134.338
602,MAK-MAD,2023,34,2023-08-26,9175,28,1531414.00,1535033.0000,3629936.402
603,MAK-MAD,2023,35,2023-08-27,7206,24,1094737.50,1228942.0000,2889673.650
604,MAK-MAD,2023,35,2023-08-28,8247,24,1027630.75,1468767.0000,3244281.504
605,MAK-MAD,2023,35,2023-08-29,9149,24,1028143.60,1692560.5000,3573638.990
606,MAK-MAD,2023,35,2023-08-30,10057,24,1084525.00,1940668.0000,3857422.506
607,MAK-MAD,2023,35,2023-08-31,14506,30,1589928.40,3043062.5000,5344162.552
608,MAK-MAD,2023,35,2023-09-01,11959,30,1174725.48,2213271.7500,4412449.986
609,MAK-MAD,2023,35,2023-09-02,14320,34,1435424.18,2758136.7500,5402220.668
610,MAK-MAD,2023,36,2023-09-03,10125,28,1082264.46,1883731.5000,3997103.292
611,MAK-MAD,2023,36,2023-09-04,9717,28,944832.07,1781628.0000,3793630.258
612,MAK-MAD,2023,36,2023-09-05,10076,28,992302.95,1821854.0000,3939656.014
613,MAK-MAD,2023,36,2023-09-06,11153,30,1071282.00,2033799.5000,4291004.652
614,MAK-MAD,2023,36,2023-09-07,17654,42,1657777.09,3332691.0000,6664757.558
615,MAK-MAD,2023,36,2023-09-08,13992,34,1309772.72,2612754.0000,5237773.746
616,MAK-MAD,2023,36,2023-09-09,17893,42,1675527.82,3445284.7500,6800123.310
617,MAK-MAD,2023,37,2023-09-10,9985,28,979009.73,1891012.0000,3926833.974
618,MAK-MAD,2023,37,2023-09-11,9815,28,946829.13,1803948.0000,3865695.702
619,MAK-MAD,2023,37,2023-09-12,10412,28,1033240.93,1975695.0000,4134217.706
620,MAK-MAD,2023,37,2023-09-13,11772,30,1136639.88,2275950.0000,4618586.202
621,MAK-MAD,2023,37,2023-09-14,18105,42,1684613.83,3508750.2500,6909929.596
622,MAK-MAD,2023,37,2023-09-15,14285,34,1346910.61,2761710.7500,5436748.412
623,MAK-MAD,2023,37,2023-09-16,17617,42,1640996.60,3443414.7500,6836432.044
624,MAK-MAD,2023,38,2023-09-17,11220,32,1026247.51,2025300.0000,4432531.590
625,MAK-MAD,2023,38,2023-09-18,11393,32,1059378.13,2064721.5000,4500851.790
626,MAK-MAD,2023,38,2023-09-19,11697,32,1070722.08,2131128.5000,4581321.168
627,MAK-MAD,2023,38,2023-09-20,14503,36,1302158.31,2730979.7500,5602388.330
628,MAK-MAD,2023,38,2023-09-21,15590,42,1826463.08,2702391.5000,5796576.736
629,MAK-MAD,2023,38,2023-09-22,13209,36,1368970.68,2303764.5000,4884096.658
630,MAK-MAD,2023,38,2023-09-23,16740,42,1700474.00,2923431.5000,6186481.160
631,MAK-MAD,2023,39,2023-09-24,17726,42,1802458.91,3156744.5000,6554462.388
632,MAK-MAD,2023,39,2023-09-25,9043,32,1446722.50,1450407.5000,3646274.312
633,MAK-MAD,2023,39,2023-09-26,7900,32,1255649.50,1258024.5000,3200055.402
634,MAK-MAD,2023,39,2023-09-27,9465,36,1485989.50,1489372.0000,3738955.928
635,MAK-MAD,2023,39,2023-09-28,12656,42,2050191.50,2052246.5000,4990038.408
636,MAK-MAD,2023,39,2023-09-29,9725,36,1519182.50,1522648.0000,3726454.354
637,MAK-MAD,2023,39,2023-09-30,12234,42,1975668.50,1979176.5000,4846905.592
638,MAK-MAD,2023,40,2023-10-01,8178,32,1257611.50,1260456.5000,3219777.050
639,MAK-MAD,2023,40,2023-10-02,8454,32,1326057.50,1327600.0000,3352606.250
640,MAK-MAD,2023,40,2023-10-03,7201,32,1071628.00,1075160.5000,2821399.046
641,MAK-MAD,2023,40,2023-10-04,8779,36,1331389.00,1334369.0000,3427850.738
642,MAK-MAD,2023,40,2023-10-05,12070,42,1846021.00,1847836.0000,4612820.046
643,MAK-MAD,2023,40,2023-10-06,9560,36,1469560.50,1470120.5000,3642940.720
644,MAK-MAD,2023,40,2023-10-07,12016,42,1845282.00,1850854.5000,4621118.212
645,MAK-MAD,2023,41,2023-10-08,8328,32,1293357.00,1295479.5000,3302084.268
646,MAK-MAD,2023,41,2023-10-09,8603,32,1367159.50,1368609.5000,3473872.168
647,MAK-MAD,2023,41,2023-10-10,8374,32,1315674.50,1316824.5000,3364826.020
648,MAK-MAD,2023,41,2023-10-11,9074,36,1397549.00,1399499.0000,3552381.396
649,MAK-MAD,2023,41,2023-10-12,11782,42,1756009.00,1757629.0000,4473198.180
650,MAK-MAD,2023,41,2023-10-13,9380,36,1409322.50,1411177.5000,3557340.628
651,MAK-MAD,2023,41,2023-10-14,12472,42,1920849.00,1922574.0000,4844592.716
652,MAK-MAD,2023,42,2023-10-15,8723,32,1379276.00,1379676.0000,3481518.234
653,MAK-MAD,2023,42,2023-10-16,9251,32,1516201.50,1518901.0000,3742033.504
654,MAK-MAD,2023,42,2023-10-17,9842,32,1615449.00,1617444.0000,3959881.456
655,MAK-MAD,2023,42,2023-10-18,10180,36,1601587.00,1601677.0000,4035169.048
656,MAK-MAD,2023,42,2023-10-19,12710,42,1966106.00,1968836.0000,4925914.796
657,MAK-MAD,2023,42,2023-10-20,9337,36,1431077.19,1432630.0000,3628494.088
658,MAK-MAD,2023,42,2023-10-21,12825,42,2016563.00,2017898.0000,5003608.130
659,MAK-MAD,2023,43,2023-10-22,9265,32,1499427.00,1501214.5000,3747010.630
660,MAK-MAD,2023,43,2023-10-23,10285,32,1764530.50,1766530.0000,4230162.906
661,MAK-MAD,2023,43,2023-10-24,10811,32,1896732.50,1897247.5000,4423168.622
662,MAK-MAD,2023,43,2023-10-25,11091,36,1842833.50,1845538.5000,4460711.650
663,MAK-MAD,2023,43,2023-10-26,13689,42,2257234.50,2257332.0000,5379137.898
664,MAK-MAD,2023,43,2023-10-27,9782,36,1515943.00,1515943.0000,3786397.578
665,MAK-MAD,2023,43,2023-10-28,12096,42,1913440.00,1917165.0000,4782361.026
666,MAK-MAD,2023,44,2023-10-29,9299,32,1487368.50,1488123.5000,3732177.420
667,MAK-MAD,2023,44,2023-10-30,9606,32,1573050.00,1573535.0000,3891383.566
668,MAK-MAD,2023,44,2023-10-31,9611,32,1542867.50,1544307.5000,3830622.270
669,MAK-MAD,2023,44,2023-11-01,10019,26,1703130.75,1712254.0000,3865969.666
670,MAK-MAD,2023,44,2023-11-02,11770,30,1953230.00,1960250.0000,4413860.888
671,MAK-MAD,2023,44,2023-11-03,9742,28,1572944.50,1575612.0000,3730745.764
672,MAK-MAD,2023,44,2023-11-04,11955,30,2120219.75,2132053.0000,4634785.772
673,MAK-MAD,2023,45,2023-11-05,8537,24,1448362.75,1454156.5000,3387491.720
674,MAK-MAD,2023,45,2023-11-06,8136,24,1391147.00,1397566.5000,3257415.208
675,MAK-MAD,2023,45,2023-11-07,8398,24,1414151.25,1420021.5000,3355908.718
676,MAK-MAD,2023,45,2023-11-08,9495,26,1624489.75,1627562.0000,3785079.046
677,MAK-MAD,2023,45,2023-11-09,11668,32,1956141.25,1964847.0000,4574034.412
678,MAK-MAD,2023,45,2023-11-10,9444,28,1552139.00,1552896.5000,3682471.306
679,MAK-MAD,2023,45,2023-11-11,11311,32,1924301.50,1931846.0000,4510409.366
680,MAK-MAD,2023,46,2023-11-12,8170,24,1416647.50,1420980.0000,3296593.552
681,MAK-MAD,2023,46,2023-11-13,8804,24,1559008.50,1561971.0000,3599076.716
682,MAK-MAD,2023,46,2023-11-14,8894,24,1557199.25,1560887.5000,3593654.388
683,MAK-MAD,2023,46,2023-11-15,9684,26,1686503.50,1688812.0000,3892046.766
684,MAK-MAD,2023,46,2023-11-16,14821,42,2397784.25,2407156.0000,5742491.702
685,MAK-MAD,2023,46,2023-11-17,11035,32,1775346.75,1777782.5000,4269821.608
686,MAK-MAD,2023,46,2023-11-18,14726,42,2442084.50,2445997.5000,5788422.516
687,MAK-MAD,2023,47,2023-11-19,11519,28,2072623.50,2076490.5000,4552660.522
688,MAK-MAD,2023,47,2023-11-20,12102,28,2241687.25,2246163.5000,4747657.868
689,MAK-MAD,2023,47,2023-11-21,12167,28,2350560.25,2352565.0000,4838599.200
690,MAK-MAD,2023,47,2023-11-22,14256,36,2503252.50,2508238.0000,5578037.692
691,MAK-MAD,2023,47,2023-11-23,14692,42,2457914.50,2462186.0000,5800871.726
692,MAK-MAD,2023,47,2023-11-24,11438,32,1938796.00,1942761.0000,4513731.952
693,MAK-MAD,2023,47,2023-11-25,13541,42,2229942.00,2233654.5000,5386641.618
694,MAK-MAD,2023,48,2023-11-26,8931,24,1601074.75,1605303.5000,3617565.442
695,MAK-MAD,2023,48,2023-11-27,9357,24,1594789.90,1687935.5000,3740157.814
696,MAK-MAD,2023,48,2023-11-28,9302,24,1593016.95,1705876.0000,3741418.742
697,MAK-MAD,2023,48,2023-11-29,9863,26,1658949.80,1792411.5000,3898835.386
698,MAK-MAD,2023,48,2023-11-30,12329,34,1937914.85,2101437.8000,4718508.742
699,MAK-MAD,2023,48,2023-12-01,10755,34,1677366.25,1821802.5000,4112737.746
700,MAK-MAD,2023,48,2023-12-02,14437,42,2322966.55,2537752.7500,5585701.470
701,MAK-MAD,2023,49,2023-12-03,9923,30,1609519.30,1752933.0000,3962364.986
702,MAK-MAD,2023,49,2023-12-04,9764,30,1583325.40,1718519.0000,3875072.404
703,MAK-MAD,2023,49,2023-12-05,10316,30,1679266.75,1828006.7000,4124967.266
704,MAK-MAD,2023,49,2023-12-06,10843,34,1693663.00,1844412.7000,4222521.900
705,MAK-MAD,2023,49,2023-12-07,14417,42,2150988.65,2345910.5000,5370598.156
706,MAK-MAD,2023,49,2023-12-08,11313,34,1719196.75,1893802.5000,4251094.712
707,MAK-MAD,2023,49,2023-12-09,14600,42,2286835.15,2509044.0000,5633511.482
708,MAK-MAD,2023,50,2023-12-10,10666,30,1725118.65,1885233.5000,4260377.788
709,MAK-MAD,2023,50,2023-12-11,11019,30,1833135.70,2003593.0000,4463105.176
710,MAK-MAD,2023,50,2023-12-12,11262,30,1871532.60,2071603.5000,4532006.206
711,MAK-MAD,2023,50,2023-12-13,12514,34,2049634.62,2253275.5200,4952495.252
712,MAK-MAD,2023,50,2023-12-14,16314,42,2570870.75,2859605.5000,6216398.100
713,MAK-MAD,2023,50,2023-12-15,12043,34,1855036.45,2051837.0000,4541946.656
714,MAK-MAD,2023,50,2023-12-16,16961,42,2767687.70,3086850.3000,6512784.078
715,MAK-MAD,2023,51,2023-12-17,13207,30,2339531.80,2675997.5000,5237353.278
716,MAK-MAD,2023,51,2023-12-18,12487,30,2239553.80,2514581.8000,5048174.418
717,MAK-MAD,2023,51,2023-12-19,12549,30,2261990.05,2543873.5000,5108716.936
718,MAK-MAD,2023,51,2023-12-20,13284,34,2338938.85,2631780.5000,5308854.134
719,MAK-MAD,2023,51,2023-12-21,16407,42,2769322.70,3120027.5000,6491425.602
720,MAK-MAD,2023,51,2023-12-22,12356,34,2055805.98,2306904.5000,4884407.752
721,MAK-MAD,2023,51,2023-12-23,16480,42,2839847.45,3183905.0000,6586576.456
722,MAK-MAD,2023,52,2023-12-24,13072,30,2451122.05,2819595.5000,5329605.226
723,MAK-MAD,2023,52,2023-12-25,13067,30,2545769.65,2917911.5000,5397831.720
724,MAK-MAD,2023,52,2023-12-26,13237,30,2538385.04,2933081.5000,5430426.212
725,MAK-MAD,2023,52,2023-12-27,14782,34,2772838.40,3189149.0000,5990274.100
726,MAK-MAD,2023,52,2023-12-28,18376,42,3406965.65,3891503.0000,7385858.330
727,MAK-MAD,2023,52,2023-12-29,14324,34,2531311.81,2884741.5000,5684946.456
728,MAK-MAD,2023,52,2023-12-30,18005,42,3319237.71,3827485.0000,7240585.194
729,MAK-MAD,2024,1,2023-12-31,13009,30,2474228.35,2824489.6000,5340883.116
730,MAK-MAD,2024,1,2024-01-01,12262,30,2418124.52,2433624.4200,5034774.518
731,MAK-MAD,2024,1,2024-01-02,11961,30,2263497.73,2282514.2300,4901214.442
732,MAK-MAD,2024,1,2024-01-03,13769,38,2368441.85,2382527.5800,5516190.120
733,MAK-MAD,2024,1,2024-01-04,16851,46,2773099.45,2786129.6200,6520259.296
734,MAK-MAD,2024,1,2024-01-05,12998,36,2122234.53,2134871.8800,4997208.888
735,MAK-MAD,2024,1,2024-01-06,16882,46,2891080.78,2916938.4800,6678227.076
736,MAK-MAD,2024,2,2024-01-07,14660,38,2494932.11,2507695.6000,5761756.382
737,MAK-MAD,2024,2,2024-01-08,14744,38,2498218.85,2531684.2200,5737727.312
738,MAK-MAD,2024,2,2024-01-09,14697,38,2549662.31,2568756.1000,5784450.954
739,MAK-MAD,2024,2,2024-01-10,14767,40,2487087.90,2508397.1000,5756221.272
740,MAK-MAD,2024,2,2024-01-11,15203,46,2445383.37,2461292.8000,5931477.128
741,MAK-MAD,2024,2,2024-01-12,12073,36,1953948.45,1970237.1000,4688011.398
742,MAK-MAD,2024,2,2024-01-13,15573,46,2554478.66,2583834.9000,6155421.218
743,MAK-MAD,2024,3,2024-01-14,10914,34,1809970.26,1819881.6000,4389896.276
744,MAK-MAD,2024,3,2024-01-15,11117,34,1883551.00,1890895.0000,4523180.884
745,MAK-MAD,2024,3,2024-01-16,11057,34,1854150.55,1866178.8000,4502977.018
746,MAK-MAD,2024,3,2024-01-17,11637,38,1897913.30,1905256.3000,4646199.604
747,MAK-MAD,2024,3,2024-01-18,14189,46,2309666.40,2322558.9000,5650320.672
748,MAK-MAD,2024,3,2024-01-19,11239,34,1917307.70,1929930.2000,4477280.924
749,MAK-MAD,2024,3,2024-01-20,15356,46,2607796.42,2618124.6000,6186544.040
750,MAK-MAD,2024,4,2024-01-21,11115,34,1894604.86,1902989.9000,4571337.714
751,MAK-MAD,2024,4,2024-01-22,10794,32,1872855.90,1884169.8000,4476788.626
752,MAK-MAD,2024,4,2024-01-23,11996,34,2092526.70,2115424.3000,4971310.114
753,MAK-MAD,2024,4,2024-01-24,12391,38,2113091.84,2127518.0000,5071844.762
754,MAK-MAD,2024,4,2024-01-25,15605,46,2618184.30,2630809.0000,6191768.668
755,MAK-MAD,2024,4,2024-01-26,11883,34,2088115.90,2100719.9000,4769298.282
756,MAK-MAD,2024,4,2024-01-27,16356,46,2811220.36,2833460.1000,6588807.914
757,MAK-MAD,2024,5,2024-01-28,13632,38,2337548.10,2348009.1000,5466473.060
758,MAK-MAD,2024,5,2024-01-29,12256,34,2220887.30,2236627.3000,5105648.182
759,MAK-MAD,2024,5,2024-01-30,11678,34,2015242.22,2025544.3000,4794360.068
760,MAK-MAD,2024,5,2024-01-31,13065,38,2248211.02,2257990.7000,5317079.660
761,MAK-MAD,2024,5,2024-02-01,15033,44,2503894.40,2504374.4000,5985584.644
762,MAK-MAD,2024,5,2024-02-02,11068,34,1862226.70,1864587.7000,4464767.672
763,MAK-MAD,2024,5,2024-02-03,15287,44,2633529.20,2637998.8000,6189027.120
764,MAK-MAD,2024,6,2024-02-04,10714,30,1881616.30,1881836.3000,4371412.750
765,MAK-MAD,2024,6,2024-02-05,11264,30,2153289.90,2154203.9000,4717362.012
766,MAK-MAD,2024,6,2024-02-06,9296,24,1818177.10,1818271.6000,3906827.746
767,MAK-MAD,2024,6,2024-02-07,12618,34,2242660.40,2249171.4000,5123788.832
768,MAK-MAD,2024,6,2024-02-08,15706,44,2715812.00,2716592.5000,6282116.840
769,MAK-MAD,2024,6,2024-02-09,11793,34,2069894.20,2071231.2000,4708660.116
770,MAK-MAD,2024,6,2024-02-10,14955,44,2535878.50,2536843.6000,5957605.422
771,MAK-MAD,2024,7,2024-02-11,10794,30,1904217.60,1905912.6000,4394993.446
772,MAK-MAD,2024,7,2024-02-12,11611,30,2135249.20,2138940.2000,4788467.032
773,MAK-MAD,2024,7,2024-02-13,11779,30,2204235.30,2206422.3000,4871272.944
774,MAK-MAD,2024,7,2024-02-14,11879,34,2129807.30,2133325.8000,4865766.976
775,MAK-MAD,2024,7,2024-02-15,13915,44,2305141.50,2306581.0000,5550662.660
776,MAK-MAD,2024,7,2024-02-16,10290,34,1714822.60,1714984.6000,4141645.586
777,MAK-MAD,2024,7,2024-02-17,13574,44,2252860.90,2257904.9000,5473458.956
778,MAK-MAD,2024,8,2024-02-18,10721,30,1874518.30,1875645.3000,4391117.506
779,MAK-MAD,2024,8,2024-02-19,10884,30,1926362.30,1929100.3000,4455020.446
780,MAK-MAD,2024,8,2024-02-20,11516,30,2114534.20,2115461.2000,4748061.800
781,MAK-MAD,2024,8,2024-02-21,14926,38,2645263.90,2647143.9000,5934522.164
782,MAK-MAD,2024,8,2024-02-22,16485,44,2791880.27,2929191.0100,6520293.980
783,MAK-MAD,2024,8,2024-02-23,13387,36,2304931.33,2447133.0200,5294932.724
784,MAK-MAD,2024,8,2024-02-24,17372,44,2971194.55,3125791.1300,6918609.428
785,MAK-MAD,2024,9,2024-02-25,14543,36,2543245.40,2545971.5000,5847088.404
786,MAK-MAD,2024,9,2024-02-26,14083,36,2453755.00,2454547.0000,5700394.858
787,MAK-MAD,2024,9,2024-02-27,14567,36,2529623.40,2532992.9000,5812367.736
788,MAK-MAD,2024,9,2024-02-28,14111,38,2343428.00,2345003.0000,5579721.522
789,MAK-MAD,2024,9,2024-02-29,15391,44,2540646.10,2542628.1000,6038578.056
790,MAK-MAD,2024,9,2024-03-01,12084,36,1967817.80,1974344.8000,4737749.416
791,MAK-MAD,2024,9,2024-03-02,14609,44,2345352.00,2361108.6000,5731643.022
792,MAK-MAD,2024,10,2024-03-03,10518,36,1658373.05,1666193.5500,4193384.714
793,MAK-MAD,2024,10,2024-03-04,9298,30,1505694.20,1516000.2000,3709469.470
794,MAK-MAD,2024,10,2024-03-05,9633,30,1609888.30,1613574.3000,3884085.018
795,MAK-MAD,2024,10,2024-03-06,10684,34,1727739.30,1732375.3000,4213000.998
796,MAK-MAD,2024,10,2024-03-07,13006,44,2053078.80,2066272.7000,5134362.308
797,MAK-MAD,2024,10,2024-03-08,9231,34,1444447.80,1448694.8000,3597128.426
798,MAK-MAD,2024,10,2024-03-09,12382,44,1979821.70,1988282.8000,4916992.462
799,MAK-MAD,2024,11,2024-03-10,9050,30,1535046.20,1535046.2000,3598428.668
800,MAK-MAD,2024,11,2024-03-11,9101,32,1664818.74,1683719.2000,3681303.888
801,MAK-MAD,2024,11,2024-03-12,11469,36,2150738.64,2179151.6000,4556603.014
802,MAK-MAD,2024,11,2024-03-13,13130,36,2481332.12,2525218.1000,5128104.792
803,MAK-MAD,2024,11,2024-03-14,14442,41,2675596.86,2714219.7000,5491551.064
804,MAK-MAD,2024,11,2024-03-15,15201,47,2515663.80,2573183.6000,5554398.500
805,MAK-MAD,2024,11,2024-03-16,15917,45,2745452.36,2808010.6000,5810825.416
806,MAK-MAD,2024,12,2024-03-17,14186,43,2379604.36,2434856.6000,5226924.048
807,MAK-MAD,2024,12,2024-03-18,14433,44,2307071.46,2375843.9000,5074449.656
808,MAK-MAD,2024,12,2024-03-19,14276,42,2313438.15,2385274.2000,5026837.754
809,MAK-MAD,2024,12,2024-03-20,15252,42,2591032.76,2665544.2000,5517450.116
810,MAK-MAD,2024,12,2024-03-21,17257,47,2941616.86,3017547.2000,6179014.636
811,MAK-MAD,2024,12,2024-03-22,16956,47,2674169.42,2748101.1000,5975685.036
812,MAK-MAD,2024,12,2024-03-23,17948,45,3126478.30,3218106.4000,6432155.612
813,MAK-MAD,2024,13,2024-03-24,16321,44,2592648.16,2668236.9000,5906533.952
814,MAK-MAD,2024,13,2024-03-25,16405,44,2760770.16,2828780.6000,5996334.078
815,MAK-MAD,2024,13,2024-03-26,16623,44,2811760.82,2873170.2000,6087606.204
816,MAK-MAD,2024,13,2024-03-27,17548,44,3155822.20,3209404.5000,6567565.926
817,MAK-MAD,2024,13,2024-03-28,18427,46,3442009.56,3492530.9000,7017688.206
818,MAK-MAD,2024,13,2024-03-29,20435,49,3998368.12,4052418.0000,7875867.540
819,MAK-MAD,2024,13,2024-03-30,22184,51,4951536.20,5013229.9000,8846012.906
820,MAK-MAD,2024,14,2024-03-31,18567,52,3563427.70,3605073.9600,7255996.638
821,MAK-MAD,2024,14,2024-04-01,16763,44,3197565.35,3243586.7000,6514774.396
822,MAK-MAD,2024,14,2024-04-02,17505,44,3330670.22,3378580.2200,6743152.664
823,MAK-MAD,2024,14,2024-04-03,17807,44,3586039.72,3633048.2600,6935466.906
824,MAK-MAD,2024,14,2024-04-04,19993,50,4077835.64,4139002.8800,7788970.412
825,MAK-MAD,2024,14,2024-04-05,19210,51,3425202.83,3535452.3700,7323017.066
826,MAK-MAD,2024,14,2024-04-06,21023,51,4148308.44,4224340.0400,7951433.362
827,MAK-MAD,2024,15,2024-04-07,17253,47,3145207.05,3208572.6400,6451153.938
828,MAK-MAD,2024,15,2024-04-08,17100,44,3034880.41,3180367.9400,6447492.962
829,MAK-MAD,2024,15,2024-04-09,15937,49,2219707.64,3177142.6000,6166457.390
830,MAK-MAD,2024,15,2024-04-10,14126,36,2800662.10,2803805.6000,5749131.040
831,MAK-MAD,2024,15,2024-04-11,14114,36,2642974.50,2644616.5000,5661460.650
832,MAK-MAD,2024,15,2024-04-12,12333,36,2087215.64,2103568.5000,4884464.296
833,MAK-MAD,2024,15,2024-04-13,12335,36,2054409.38,2066637.6000,4882114.982
834,MAK-MAD,2024,16,2024-04-14,10702,32,1691449.46,1700354.3000,4182326.282
835,MAK-MAD,2024,16,2024-04-15,10230,32,1591219.88,1591959.0000,4047170.908
836,MAK-MAD,2024,16,2024-04-16,9505,32,1499681.45,1501735.7000,3833904.944
837,MAK-MAD,2024,16,2024-04-17,10181,36,1599340.60,1600346.2000,4093371.828
838,MAK-MAD,2024,16,2024-04-18,11690,46,1729838.40,1730032.2000,4593234.778
839,MAK-MAD,2024,16,2024-04-19,8793,32,1340141.40,1340578.4000,3457540.090
840,MAK-MAD,2024,16,2024-04-20,12014,42,1881257.70,1885132.8000,4823352.162
841,MAK-MAD,2024,17,2024-04-21,9197,32,1483969.75,1486149.5000,3765193.860
842,MAK-MAD,2024,17,2024-04-22,9797,32,1638948.05,1641673.4000,4020693.872
843,MAK-MAD,2024,17,2024-04-23,9999,32,1716259.84,1719312.1000,4151575.346
844,MAK-MAD,2024,17,2024-04-24,10861,36,1800446.97,1807818.1000,4429948.166
845,MAK-MAD,2024,17,2024-04-25,12931,46,2008060.45,2010759.9000,5119757.774
846,MAK-MAD,2024,17,2024-04-26,8982,32,1434523.50,1435867.5000,3560252.858
847,MAK-MAD,2024,17,2024-04-27,11897,42,1878152.03,1879563.4000,4792007.276
848,MAK-MAD,2024,18,2024-04-28,8865,32,1411883.47,1414129.5000,3597709.954
849,MAK-MAD,2024,18,2024-04-29,8635,32,1377612.55,1380376.8000,3526851.334
850,MAK-MAD,2024,18,2024-04-30,9273,32,1503095.60,1503680.6000,3763998.638
851,MAK-MAD,2024,18,2024-05-01,12189,36,1932748.70,1933560.7000,4699672.036
852,MAK-MAD,2024,18,2024-05-02,14138,46,2135977.30,2137126.3000,5449056.024
853,MAK-MAD,2024,18,2024-05-03,9430,32,1437806.50,1438676.0000,3622209.228
854,MAK-MAD,2024,18,2024-05-04,14180,42,2256910.70,2258725.7000,5519912.104
855,MAK-MAD,2024,19,2024-05-05,8719,32,1311051.20,1311463.7000,3384622.702
856,MAK-MAD,2024,19,2024-05-06,7947,32,1174367.00,1176741.5000,3084961.776
857,MAK-MAD,2024,19,2024-05-07,7808,32,1124572.50,1126318.1000,2961012.250
858,MAK-MAD,2024,19,2024-05-08,9078,36,1300472.90,1302488.9000,3441108.614
859,MAK-MAD,2024,19,2024-05-09,11509,46,1616959.40,1617621.4000,4278471.062
860,MAK-MAD,2024,19,2024-05-10,8282,32,1156634.00,1164021.0000,3058513.554
861,MAK-MAD,2024,19,2024-05-11,10884,42,1491351.80,1518917.6000,3988887.618
862,MAK-MAD,2024,20,2024-05-12,7163,32,934881.48,956497.8000,2569739.180
863,MAK-MAD,2024,20,2024-05-13,6555,32,840501.97,863122.6000,2334594.168
864,MAK-MAD,2024,20,2024-05-14,6572,32,865817.48,889635.8000,2358629.534
865,MAK-MAD,2024,20,2024-05-15,8193,36,1036829.40,1070512.8000,2858799.370
866,MAK-MAD,2024,20,2024-05-16,10688,47,1264550.71,1327826.3000,3468310.166
867,MAK-MAD,2024,20,2024-05-17,8711,32,1094137.15,1141647.4000,2928136.268
868,MAK-MAD,2024,20,2024-05-18,11154,42,1447271.75,1578919.9000,3897690.746
869,MAK-MAD,2024,21,2024-05-19,7534,38,999879.13,1131802.5000,2787432.058
870,MAK-MAD,2024,21,2024-05-20,7402,36,972718.90,1097546.7000,2700972.142
871,MAK-MAD,2024,21,2024-05-21,6735,36,893602.06,1000272.0000,2451681.116
872,MAK-MAD,2024,21,2024-05-22,7480,36,928192.48,1051811.3000,2595245.918
873,MAK-MAD,2024,21,2024-05-23,8622,44,1058073.45,1184710.8000,2938335.442
874,MAK-MAD,2024,21,2024-05-24,5968,36,774657.25,895650.3000,2180239.358
875,MAK-MAD,2024,21,2024-05-25,6525,42,835996.97,954462.3000,2376818.872
876,MAK-MAD,2024,22,2024-05-26,5141,36,687594.97,785701.4000,1929282.424
877,MAK-MAD,2024,22,2024-05-27,4935,36,701014.38,797619.1000,1885285.810
878,MAK-MAD,2024,22,2024-05-28,5139,36,706327.64,804559.2000,1968329.656
879,MAK-MAD,2024,22,2024-05-29,4823,34,666657.38,763387.8000,1837887.814
880,MAK-MAD,2024,22,2024-05-30,6564,44,860883.95,959545.9000,2416078.318
881,MAK-MAD,2024,22,2024-05-31,5280,35,716110.27,813301.6000,1964716.330
882,MAK-MAD,2024,22,2024-06-01,6482,42,878078.05,974871.7000,2408650.304
883,MAK-MAD,2024,23,2024-06-02,9312,40,1820386.28,1944206.0000,3882392.070
884,MAK-MAD,2024,23,2024-06-03,5813,36,842481.24,948297.8000,2240353.258
885,MAK-MAD,2024,23,2024-06-04,5958,36,924239.78,1026235.2000,2350965.582
886,MAK-MAD,2024,23,2024-06-05,6105,37,918772.62,1013085.6000,2382554.342
887,MAK-MAD,2024,23,2024-06-06,8794,44,1347936.43,1454713.6000,3353266.226
888,MAK-MAD,2024,23,2024-06-07,9783,46,2063547.80,2207809.9000,4090285.200
889,MAK-MAD,2024,23,2024-06-08,8470,46,1383753.48,1487913.2000,3334404.496
890,MAK-MAD,2024,24,2024-06-09,10631,46,1822433.41,2076677.1000,4186152.566
891,MAK-MAD,2024,24,2024-06-10,13511,52,3377717.26,3623264.3000,5791921.884
892,MAK-MAD,2024,24,2024-06-11,12273,46,2878494.32,3148382.1000,5160142.204
893,MAK-MAD,2024,24,2024-06-12,13220,49,2791987.65,3033244.8000,5383700.922
894,MAK-MAD,2024,24,2024-06-13,19315,51,3894769.30,4614499.3000,7668009.692
895,MAK-MAD,2024,24,2024-06-14,17914,56,2922297.70,3785298.1000,6941322.154
896,MAK-MAD,2024,24,2024-06-15,7918,24,803049.90,1047820.6000,2308237.946
897,MAK-MAD,2024,25,2024-06-16,7554,24,866532.60,1118579.0000,2632294.680
898,MAK-MAD,2024,25,2024-06-17,9827,30,1182976.60,1501369.1000,3427090.110
899,MAK-MAD,2024,25,2024-06-18,16140,47,3117363.31,3464150.0000,6308011.148
900,MAK-MAD,2024,25,2024-06-19,16810,57,3745641.13,4009830.8000,6784816.624
901,MAK-MAD,2024,25,2024-06-20,16872,60,3950632.66,4220262.2000,7140367.714
902,MAK-MAD,2024,25,2024-06-21,11928,48,2412455.89,2531455.5000,4947489.302
903,MAK-MAD,2024,25,2024-06-22,10735,46,1853138.66,1953733.2000,4332883.102
904,MAK-MAD,2024,26,2024-06-23,12499,50,2501171.25,2626826.0000,5215758.542
905,MAK-MAD,2024,26,2024-06-24,10224,46,1897916.66,2009954.7000,4249350.660
906,MAK-MAD,2024,26,2024-06-25,7896,46,1201829.73,1296187.7000,3156014.314
907,MAK-MAD,2024,26,2024-06-26,10683,46,2114760.40,2271572.5000,4427620.474
908,MAK-MAD,2024,26,2024-06-27,10484,40,1964374.84,1970075.1000,4324371.324
909,MAK-MAD,2024,26,2024-06-28,7386,40,1114834.72,1120453.3000,2991901.090
910,MAK-MAD,2024,26,2024-06-29,7522,40,1057025.15,1062671.9000,2967893.362
911,MAK-MAD,2024,27,2024-06-30,7742,38,1194873.72,1200583.6000,3119081.284
912,MAK-MAD,2024,27,2024-07-01,7317,38,1081552.95,1085882.1000,2964751.220
913,MAK-MAD,2024,27,2024-07-02,6815,38,967988.79,973148.9000,2727024.168
914,MAK-MAD,2024,27,2024-07-03,8495,38,970453.44,1231218.9000,3296658.246
915,MAK-MAD,2024,27,2024-07-04,12017,40,1190675.40,1832760.8000,4461940.462
916,MAK-MAD,2024,27,2024-07-05,11815,40,1106728.43,1784913.5000,4401226.260
917,MAK-MAD,2024,27,2024-07-06,13717,40,1259537.04,2180423.5000,5164062.088
918,MAK-MAD,2024,28,2024-07-07,9010,22,988583.22,1658818.1000,3445628.408
919,MAK-MAD,2024,28,2024-07-08,8618,22,783985.52,1481517.3000,3190254.106
920,MAK-MAD,2024,28,2024-07-09,9060,22,904259.40,1614882.4000,3368619.548
921,MAK-MAD,2024,28,2024-07-10,9860,22,954157.10,1769930.4000,3561701.158
922,MAK-MAD,2024,28,2024-07-11,10990,26,1192122.50,2008271.8000,4039450.082
923,MAK-MAD,2024,28,2024-07-12,8236,18,876514.80,1561898.3000,3008596.428
924,MAK-MAD,2024,28,2024-07-13,10435,24,1142015.40,1948692.3000,3879101.380
925,MAK-MAD,2024,29,2024-07-14,9537,22,939348.40,1781946.4000,3542732.022
926,MAK-MAD,2024,29,2024-07-15,9367,22,949975.20,1779081.2000,3536975.366
927,MAK-MAD,2024,29,2024-07-16,9269,22,921311.70,1721584.7000,3497636.352
928,MAK-MAD,2024,29,2024-07-17,12790,32,1195330.50,2316890.5000,4855894.948
929,MAK-MAD,2024,29,2024-07-18,13297,32,1326313.40,2446934.2000,4953392.872
930,MAK-MAD,2024,29,2024-07-19,11607,28,1088531.60,2122394.7000,4345510.632
931,MAK-MAD,2024,29,2024-07-20,13510,32,1398101.80,2577911.6000,5106484.524
932,MAK-MAD,2024,30,2024-07-21,13055,32,1277982.90,2478078.4000,5075989.538
933,MAK-MAD,2024,30,2024-07-22,12831,32,1254236.20,2386841.6000,4952018.254
934,MAK-MAD,2024,30,2024-07-23,14258,36,1353035.50,2655449.7000,5559607.020
935,MAK-MAD,2024,30,2024-07-24,14634,36,1393691.10,2700653.6000,5626250.420
936,MAK-MAD,2024,30,2024-07-25,15934,38,1605708.80,2985512.4000,6022639.012
937,MAK-MAD,2024,30,2024-07-26,14114,34,1334905.40,2604362.9000,5401127.484
938,MAK-MAD,2024,30,2024-07-27,16162,38,1677642.80,3116459.8000,6191053.152
939,MAK-MAD,2024,31,2024-07-28,14862,36,1495347.10,2914150.0000,5837149.176
940,MAK-MAD,2024,31,2024-07-29,15014,36,1478129.20,2902984.9000,5841756.260
941,MAK-MAD,2024,31,2024-07-30,15102,36,1516245.90,2959613.8000,5915876.240
942,MAK-MAD,2024,31,2024-07-31,15240,36,1548309.70,2990424.5000,5901231.942
943,MAK-MAD,2024,31,2024-08-01,16301,38,1705290.55,3138342.6000,6177385.088
944,MAK-MAD,2024,31,2024-08-02,15481,36,1535658.80,2958011.4000,5861966.578
945,MAK-MAD,2024,31,2024-08-03,16911,40,1759342.42,3292994.5000,6488617.896
946,MAK-MAD,2024,32,2024-08-04,15375,38,1571711.11,3074550.2000,6096521.842
947,MAK-MAD,2024,32,2024-08-05,15435,38,1568490.35,3015848.2000,6126674.470
948,MAK-MAD,2024,32,2024-08-06,15501,38,1592766.91,3104983.9000,6142537.520
949,MAK-MAD,2024,32,2024-08-07,15685,38,1590467.70,3118097.7000,6211809.410
950,MAK-MAD,2024,32,2024-08-08,15750,38,1683352.41,3167883.8000,6163034.700
951,MAK-MAD,2024,32,2024-08-09,14879,36,1472118.30,2873621.6000,5791946.132
952,MAK-MAD,2024,32,2024-08-10,16425,40,1750907.78,3303228.4000,6451125.470
953,MAK-MAD,2024,33,2024-08-11,14182,38,1468174.79,2720274.9000,5633410.470
954,MAK-MAD,2024,33,2024-08-12,13801,38,1494051.60,2691237.1000,5523965.066
955,MAK-MAD,2024,33,2024-08-13,13177,38,1436470.47,2573046.1000,5225900.688
956,MAK-MAD,2024,33,2024-08-14,13504,38,1511190.65,2648958.0000,5262393.878
957,MAK-MAD,2024,33,2024-08-15,14319,38,1560554.00,2785366.4000,5476958.794
958,MAK-MAD,2024,33,2024-08-16,14210,36,1350899.63,2668561.8000,5479259.602
959,MAK-MAD,2024,33,2024-08-17,15026,40,1495060.93,2838344.9000,5879575.180
960,MAK-MAD,2024,34,2024-08-18,12788,38,1306252.95,2298458.1000,5161926.754
961,MAK-MAD,2024,34,2024-08-19,11849,38,1115503.63,2050888.7000,4734368.614
962,MAK-MAD,2024,34,2024-08-20,12663,38,1153459.20,2162786.9000,4984294.054
963,MAK-MAD,2024,34,2024-08-21,12999,38,1203957.60,2275438.0000,5079097.740
964,MAK-MAD,2024,34,2024-08-22,14519,38,1512914.20,2766186.2000,5653095.566
965,MAK-MAD,2024,34,2024-08-23,13811,36,1266447.80,2482737.3000,5371964.730
966,MAK-MAD,2024,34,2024-08-24,15073,40,1481104.51,2769994.9000,5942705.376
967,MAK-MAD,2024,35,2024-08-25,11888,38,1081021.50,2048830.7000,4746205.180
968,MAK-MAD,2024,35,2024-08-26,11483,38,1078037.90,1974414.0000,4627740.248
969,MAK-MAD,2024,35,2024-08-27,12197,38,1071311.20,2084175.8000,4846041.962
970,MAK-MAD,2024,35,2024-08-28,13392,38,1165701.10,2342476.5000,5238832.682
971,MAK-MAD,2024,35,2024-08-29,15540,38,1530070.20,2910349.8000,5927828.780
972,MAK-MAD,2024,35,2024-08-30,13874,36,1204781.40,2483467.6000,5315788.688
973,MAK-MAD,2024,35,2024-08-31,16387,40,1637457.20,3134432.4000,6389173.986
974,MAK-MAD,2024,36,2024-09-01,7874,36,1164940.10,1166698.8000,3109818.418
975,MAK-MAD,2024,36,2024-09-02,7308,36,1073767.05,1074853.9000,2891517.658
976,MAK-MAD,2024,36,2024-09-03,7881,36,1198365.17,1199833.2000,3189006.650
977,MAK-MAD,2024,36,2024-09-04,8542,36,1278992.45,1281504.8000,3367892.644
978,MAK-MAD,2024,36,2024-09-05,10423,38,1573286.20,1573584.9000,4004331.430
979,MAK-MAD,2024,36,2024-09-06,7895,32,1182982.70,1183815.2000,3067964.280
980,MAK-MAD,2024,36,2024-09-07,10247,38,1586596.05,1587252.4000,4050114.892
981,MAK-MAD,2024,37,2024-09-08,7965,36,1219452.20,1221535.9000,3191680.650
982,MAK-MAD,2024,37,2024-09-09,7743,36,1159397.60,1160016.3000,3089151.262
983,MAK-MAD,2024,37,2024-09-10,8103,36,1236991.20,1237927.4000,3262971.584
984,MAK-MAD,2024,37,2024-09-11,8528,36,1283441.00,1285062.7000,3380792.956
985,MAK-MAD,2024,37,2024-09-12,14886,38,1706027.21,2737752.2000,5763101.730
986,MAK-MAD,2024,37,2024-09-13,13158,32,1577165.22,2594973.2000,5174564.162
987,MAK-MAD,2024,37,2024-09-14,16005,38,2013871.85,3264580.4000,6349943.118
988,MAK-MAD,2024,38,2024-09-15,13505,36,1526363.70,2556332.5000,5477983.254
989,MAK-MAD,2024,38,2024-09-16,13089,36,1426943.00,2467880.5000,5334426.130
990,MAK-MAD,2024,38,2024-09-17,12948,36,1501234.70,2517658.9000,5333199.880
991,MAK-MAD,2024,38,2024-09-18,14653,36,1632131.20,2919768.8000,5867897.442
992,MAK-MAD,2024,38,2024-09-19,17091,38,2044477.57,3596798.6000,6658515.614
993,MAK-MAD,2024,38,2024-09-20,14199,32,1673643.00,3051315.0000,5628791.950
994,MAK-MAD,2024,38,2024-09-21,16278,38,1926322.10,3412402.7000,6495373.470
995,MAK-MAD,2024,39,2024-09-22,15439,36,1697627.90,3109836.7000,6066100.150
996,MAK-MAD,2024,39,2024-09-23,15526,36,1640778.80,3057472.2000,6017299.512
997,MAK-MAD,2024,39,2024-09-24,13753,36,1410890.80,2628830.2000,5566650.722
998,MAK-MAD,2024,39,2024-09-25,12670,36,1172588.60,2315044.9000,5107301.312
999,MAK-MAD,2024,39,2024-09-26,15079,38,1502998.75,2877385.5000,5929586.750
1000,MAK-MAD,2024,39,2024-09-27,13099,32,1304843.60,2557008.0000,5176948.000
1001,MAK-MAD,2024,39,2024-09-28,15115,38,1601826.10,2981792.3000,6097662.276
1002,MAK-MAD,2024,40,2024-09-29,11942,36,1106993.60,2177285.7000,4855869.630
1003,MAK-MAD,2024,40,2024-09-30,12227,36,1162742.80,2250438.4000,5008730.348
1004,MAK-MAD,2024,40,2024-10-01,11261,36,1053354.96,2003760.1000,4492433.746
1005,MAK-MAD,2024,40,2024-10-02,12313,36,1175662.01,2302761.5000,4923471.654
1006,MAK-MAD,2024,40,2024-10-03,15847,38,1573581.99,3226132.4000,6161434.694
1007,MAK-MAD,2024,40,2024-10-04,13309,34,1235399.92,2618524.4000,5232191.212
1008,MAK-MAD,2024,40,2024-10-05,14964,34,1656660.01,3262838.2000,5908643.070
1009,MAK-MAD,2024,41,2024-10-06,13498,36,1319924.10,2727691.7000,5416316.038
1010,MAK-MAD,2024,41,2024-10-07,13429,36,1338649.67,2650829.4000,5454284.930
1011,MAK-MAD,2024,41,2024-10-08,13255,36,1253470.26,2544543.2000,5364741.612
1012,MAK-MAD,2024,41,2024-10-09,14146,36,1362052.34,2805631.8000,5678106.246
1013,MAK-MAD,2024,41,2024-10-10,16426,38,1682089.03,3458522.9000,6434056.770
1014,MAK-MAD,2024,41,2024-10-11,13560,34,1269358.66,2711048.7000,5381141.568
1015,MAK-MAD,2024,41,2024-10-12,15151,34,1611580.75,3210821.5000,5944547.482
1016,MAK-MAD,2024,42,2024-10-13,13752,36,1338926.50,2795766.9000,5571086.224
1017,MAK-MAD,2024,42,2024-10-14,13972,36,1394086.02,2900345.5000,5724999.642
1018,MAK-MAD,2024,42,2024-10-15,15098,36,1481401.84,3140544.2000,6060759.514
1019,MAK-MAD,2024,42,2024-10-16,17957,40,1819116.54,3937406.4000,7145152.314
1020,MAK-MAD,2024,42,2024-10-17,17836,40,1910973.23,3926480.2000,7078152.634
1021,MAK-MAD,2024,42,2024-10-18,14943,34,1474205.71,3212872.4000,5940688.340
1022,MAK-MAD,2024,42,2024-10-19,18182,41,1966131.21,3964045.6000,7210436.846
1023,MAK-MAD,2024,43,2024-10-20,15538,42,1551279.57,3087112.7000,6326799.842
1024,MAK-MAD,2024,43,2024-10-21,14499,42,1415871.07,2798279.2000,5946294.022
1025,MAK-MAD,2024,43,2024-10-22,15968,42,1607866.04,3291673.7000,6591520.912
1026,MAK-MAD,2024,43,2024-10-23,15791,42,1544033.89,3064685.4000,6427623.980
1027,MAK-MAD,2024,43,2024-10-24,17325,44,1892080.94,3496556.9000,6918207.274
1028,MAK-MAD,2024,43,2024-10-25,14181,36,1445131.17,2801072.1000,5723507.418
1029,MAK-MAD,2024,43,2024-10-26,16212,38,1931349.35,3576676.7000,6551727.598
1030,MAK-MAD,2024,44,2024-10-27,16097,42,1624655.82,3271487.6000,6571728.806
1031,MAK-MAD,2024,44,2024-10-28,16443,42,1709578.46,3487866.5000,6757950.222
1032,MAK-MAD,2024,44,2024-10-29,17682,42,1848270.95,3890957.5000,7261618.842
1033,MAK-MAD,2024,44,2024-10-30,17651,42,1820913.02,3773142.6000,7155444.830
1034,MAK-MAD,2024,44,2024-10-31,18212,44,2074079.70,3812466.5000,7284128.106
1035,MAK-MAD,2024,44,2024-11-01,14973,36,1581871.76,3123706.6000,6056124.786
1036,MAK-MAD,2024,44,2024-11-02,15425,38,1810218.44,3186789.1000,6204588.140
1037,MAK-MAD,2024,45,2024-11-03,15387,42,1529060.75,2990226.0000,6207011.446
1038,MAK-MAD,2024,45,2024-11-04,15433,42,1571922.36,3087925.4000,6313612.276
1039,MAK-MAD,2024,45,2024-11-05,15666,42,1535012.03,2986737.4000,6329300.802
1040,MAK-MAD,2024,45,2024-11-06,16866,42,1768204.65,3473018.5500,6753567.084
1041,MAK-MAD,2024,45,2024-11-07,19341,44,2364818.02,4145460.7000,7622244.988
1042,MAK-MAD,2024,45,2024-11-08,17615,40,2008349.57,3841993.2500,6988851.512
1043,MAK-MAD,2024,45,2024-11-09,18416,42,2392204.68,4052667.6500,7343229.536
1044,MAK-MAD,2024,46,2024-11-10,19715,44,2192786.12,4362526.1000,7856271.248
1045,MAK-MAD,2024,46,2024-11-11,19802,44,2232244.33,4383414.8500,7910468.930
1046,MAK-MAD,2024,46,2024-11-12,19851,44,2211907.21,4400936.0000,7892165.312
1047,MAK-MAD,2024,46,2024-11-13,18910,42,2145332.92,4141195.3000,7540495.382
1048,MAK-MAD,2024,46,2024-11-14,18957,44,2474058.68,4107768.2500,7529596.940
1049,MAK-MAD,2024,46,2024-11-15,17401,40,2024994.92,3680355.9500,6884691.020
1050,MAK-MAD,2024,46,2024-11-16,17707,44,2412812.18,3677861.7000,7134455.430
1051,MAK-MAD,2024,47,2024-11-17,16199,42,1882933.68,3256070.9500,6575413.760
1052,MAK-MAD,2024,47,2024-11-18,15347,42,1856412.56,3155419.3500,6315105.670
1053,MAK-MAD,2024,47,2024-11-19,14933,42,1781101.70,2982512.6000,6123638.580
1054,MAK-MAD,2024,47,2024-11-20,15735,42,1895228.82,3204478.6000,6423060.368
1055,MAK-MAD,2024,47,2024-11-21,16821,44,2187625.44,3540530.7000,6765311.938
1056,MAK-MAD,2024,47,2024-11-22,13942,36,1659597.90,2808455.7000,5565653.878
1057,MAK-MAD,2024,47,2024-11-23,15444,38,2093093.48,3468580.8500,6326419.414
1058,MAK-MAD,2024,48,2024-11-24,15600,42,1956345.69,3206660.3000,6377473.100
1059,MAK-MAD,2024,48,2024-11-25,16098,42,2069138.38,3522543.6000,6654423.044
1060,MAK-MAD,2024,48,2024-11-26,16560,43,2124604.82,3523202.8500,6892453.542
1061,MAK-MAD,2024,48,2024-11-27,17079,42,2218455.51,3773902.7500,7040567.806
1062,MAK-MAD,2024,48,2024-11-28,18158,44,2419406.68,3925893.8800,7313149.984
1063,MAK-MAD,2024,48,2024-11-29,14245,36,1705366.23,2935017.1100,5695731.142
1064,MAK-MAD,2024,48,2024-11-30,15822,38,2184977.65,3549408.3100,6315373.530
1065,MAK-MAD,2024,49,2024-12-01,17706,42,2214811.54,3981432.2600,7239207.922
1066,MAK-MAD,2024,49,2024-12-02,16792,42,2100858.29,3514434.3600,6873086.984
1067,MAK-MAD,2024,49,2024-12-03,16107,42,1964078.53,3211763.3900,6533583.668
1068,MAK-MAD,2024,49,2024-12-04,17021,42,2085000.28,3427060.6900,6769317.592
1069,MAK-MAD,2024,49,2024-12-05,18528,44,2519031.80,3653731.1500,7203146.112
1070,MAK-MAD,2024,49,2024-12-06,14451,36,1744438.12,2805732.0100,5635060.784
1071,MAK-MAD,2024,49,2024-12-07,16721,38,2320457.69,3585648.7200,6627263.956
1072,MAK-MAD,2024,50,2024-12-08,16098,42,1966366.76,3192887.1200,6502115.936
1073,MAK-MAD,2024,50,2024-12-09,17178,42,2148158.52,3517432.5500,6939357.112
1074,MAK-MAD,2024,50,2024-12-10,19571,42,2454711.43,4176473.0400,7578311.808
1075,MAK-MAD,2024,50,2024-12-11,17779,42,2729314.49,3336064.0900,6869494.508
1076,MAK-MAD,2024,50,2024-12-12,18710,48,2799029.23,3311535.9600,7191176.780
1077,MAK-MAD,2024,50,2024-12-13,15877,44,2261477.71,2811339.7400,6124757.982
1078,MAK-MAD,2024,50,2024-12-14,18192,46,2892405.74,3384707.9300,7160325.846
1079,MAK-MAD,2024,51,2024-12-15,15512,44,2434453.87,2892935.5600,6321461.766
1080,MAK-MAD,2024,51,2024-12-16,14575,44,2295755.31,2682921.5300,5953282.182
1081,MAK-MAD,2024,51,2024-12-17,15270,44,2353131.82,2795215.2600,6193414.330
1082,MAK-MAD,2024,51,2024-12-18,16531,44,2640221.89,3083471.7900,6623005.046
1083,MAK-MAD,2024,51,2024-12-19,18666,48,3062065.35,3553926.2100,7417257.628
1084,MAK-MAD,2024,51,2024-12-20,14401,44,2198862.06,2584018.1200,5728144.330
1085,MAK-MAD,2024,51,2024-12-21,17899,46,2989530.20,3453376.9200,7212228.404
1086,MAK-MAD,2024,52,2024-12-22,16602,44,2734385.21,3210914.6800,6798447.892
1087,MAK-MAD,2024,52,2024-12-23,17427,44,3041054.60,3618077.4900,7172293.368
1088,MAK-MAD,2024,52,2024-12-24,18021,44,3200559.35,3954783.5800,7495746.288
1089,MAK-MAD,2024,52,2024-12-25,18666,44,3447907.13,4234069.6700,7767608.152
1090,MAK-MAD,2024,52,2024-12-26,20608,48,3823261.42,4711482.6300,8511124.470
1091,MAK-MAD,2024,52,2024-12-27,17935,44,3021325.55,3781616.5700,7259925.492
1092,MAK-MAD,2024,52,2024-12-28,19771,46,3692299.37,4412259.5600,8139663.582
1093,MAK-MAD,2025,1,2024-12-29,18627,44,3404414.38,4105896.9400,7680720.464
1094,MAK-MAD,2025,1,2024-12-30,18241,44,3299052.39,3932665.8900,7473000.784
1095,MAK-MAD,2025,1,2024-12-31,18220,44,3295023.44,3932067.9200,7435381.204
1096,MAK-MAD,2025,1,2025-01-01,17260,44,3361977.10,3362071.6000,7055228.258
1097,MAK-MAD,2025,1,2025-01-02,19606,48,3806861.00,3807257.7000,7928475.378
1098,MAK-MAD,2025,1,2025-01-03,16295,44,2904650.60,2906026.1000,6488980.620
1099,MAK-MAD,2025,1,2025-01-04,18240,46,3476500.40,3478127.7000,7369257.928
1100,MAK-MAD,2025,2,2025-01-05,16868,44,3077074.50,3077540.5000,6733597.792
1101,MAK-MAD,2025,2,2025-01-06,16772,44,3057357.20,3057939.2000,6701445.720
1102,MAK-MAD,2025,2,2025-01-07,17109,44,3156657.58,3157278.8000,6753063.088
1103,MAK-MAD,2025,2,2025-01-08,17082,44,3055514.30,3055514.3000,6689857.986
1104,MAK-MAD,2025,2,2025-01-09,17872,48,3151799.85,3152166.9000,7071575.416
1105,MAK-MAD,2025,2,2025-01-10,15272,44,2558745.20,2559532.2000,5928263.092
1106,MAK-MAD,2025,2,2025-01-11,17305,46,3090623.20,3092015.9000,6884934.774
1107,MAK-MAD,2025,3,2025-01-12,14301,42,2556970.75,2557045.1000,5789078.620
1108,MAK-MAD,2025,3,2025-01-13,14075,42,2519973.00,2520423.0000,5771614.192
1109,MAK-MAD,2025,3,2025-01-14,14314,42,2593982.30,2596268.3000,5877329.758
1110,MAK-MAD,2025,3,2025-01-15,14334,42,2550143.50,2551467.5000,5853833.690
1111,MAK-MAD,2025,3,2025-01-16,16496,48,2892015.48,2893282.1800,6672509.706
1112,MAK-MAD,2025,3,2025-01-17,13268,44,2328603.72,2331838.5000,5408197.450
1113,MAK-MAD,2025,3,2025-01-18,16110,46,3018464.12,3021689.8200,6647943.012
1114,MAK-MAD,2025,4,2025-01-19,13634,42,2527947.12,2530142.1200,5662859.456
1115,MAK-MAD,2025,4,2025-01-20,14634,42,2827705.96,2829351.9600,6155055.906
1116,MAK-MAD,2025,4,2025-01-21,14509,42,2714154.79,2716980.7900,6059032.588
1117,MAK-MAD,2025,4,2025-01-22,14818,42,2769218.27,2789658.4500,6163259.304
1118,MAK-MAD,2025,4,2025-01-23,17419,48,3226384.69,3279701.9100,7153029.420
1119,MAK-MAD,2025,4,2025-01-24,13946,44,2462892.00,2507270.1000,5729573.924
1120,MAK-MAD,2025,4,2025-01-25,16713,46,3178559.15,3210887.4700,6900523.524
1121,MAK-MAD,2025,5,2025-01-26,14407,42,2741359.51,2744738.2300,6017998.450
1122,MAK-MAD,2025,5,2025-01-27,15887,42,3276281.54,3284166.5900,6739858.830
1123,MAK-MAD,2025,5,2025-01-28,16284,42,3349009.00,3356743.7000,6841804.768
1124,MAK-MAD,2025,5,2025-01-29,16363,42,3265211.12,3273448.3700,6722303.216
1125,MAK-MAD,2025,5,2025-01-30,17807,48,3398993.68,3466608.7500,7275759.764
1126,MAK-MAD,2025,5,2025-01-31,14861,44,2667950.59,2764192.9800,6116128.390
1127,MAK-MAD,2025,5,2025-02-01,17329,48,3312427.25,3412895.1900,7210701.422
1128,MAK-MAD,2025,6,2025-02-02,14553,44,2646624.30,2701819.2900,6063730.564
1129,MAK-MAD,2025,6,2025-02-03,15120,44,2895955.06,2994820.8300,6398692.596
1130,MAK-MAD,2025,6,2025-02-04,14741,44,2737807.16,2836855.8700,6193189.364
1131,MAK-MAD,2025,6,2025-02-05,15205,44,2825195.62,2885433.2600,6297581.064
1132,MAK-MAD,2025,6,2025-02-06,16511,50,2981031.20,3067768.3700,6744644.682
1133,MAK-MAD,2025,6,2025-02-07,12861,46,2279543.10,2375424.3100,5328395.868
1134,MAK-MAD,2025,6,2025-02-08,16738,48,3211513.95,3316057.9800,6978672.764
1135,MAK-MAD,2025,7,2025-02-09,14520,44,2661671.17,2740679.2300,6071358.448
1136,MAK-MAD,2025,7,2025-02-10,14729,44,2799856.52,2887755.6700,6201701.356
1137,MAK-MAD,2025,7,2025-02-11,14651,44,2730958.97,2811604.3100,6152491.704
1138,MAK-MAD,2025,7,2025-02-12,14802,44,2720973.77,2803277.2500,6186855.098
1139,MAK-MAD,2025,7,2025-02-13,17081,50,3300994.42,3380022.2400,7074020.410
1140,MAK-MAD,2025,7,2025-02-14,13382,46,2360059.44,2464831.3200,5499391.512
1141,MAK-MAD,2025,7,2025-02-15,15904,48,3004787.96,3109978.0900,6628217.218
1142,MAK-MAD,2025,8,2025-02-16,13820,44,2542660.02,2595957.4900,5797252.856
1143,MAK-MAD,2025,8,2025-02-17,14835,44,2940193.35,2996132.0900,6256216.132
1144,MAK-MAD,2025,8,2025-02-18,15486,44,3153167.73,3242046.5800,6561389.926
1145,MAK-MAD,2025,8,2025-02-19,14940,44,2951692.61,3069015.5000,6270711.466
1146,MAK-MAD,2025,8,2025-02-20,17511,50,3097702.89,3324392.3500,6982604.514
1147,MAK-MAD,2025,8,2025-02-21,14173,46,2294063.72,2464594.3200,5552948.470
1148,MAK-MAD,2025,8,2025-02-22,16293,48,2928620.75,3099002.6400,6537611.074
1149,MAK-MAD,2025,9,2025-02-23,15510,44,2775981.93,2889624.6800,6178425.216
1150,MAK-MAD,2025,9,2025-02-24,14392,44,2493040.24,2579745.5100,5684385.254
1151,MAK-MAD,2025,9,2025-02-25,13952,44,2370394.61,2500244.3900,5500502.568
1152,MAK-MAD,2025,9,2025-02-26,14059,44,2380565.35,2501749.4700,5466527.082
1153,MAK-MAD,2025,9,2025-02-27,16113,50,2683454.72,2814261.8800,6151824.628
1154,MAK-MAD,2025,9,2025-02-28,10938,38,2077677.36,2115494.5000,4495383.006
1155,MAK-MAD,2025,9,2025-03-01,14848,47,3165814.80,3171032.3500,6205407.354
1156,MAK-MAD,2025,10,2025-03-02,13325,45,2562649.64,2565721.1400,5584899.302
1157,MAK-MAD,2025,10,2025-03-03,13129,44,2502766.39,2506133.3900,5461989.446
1158,MAK-MAD,2025,10,2025-03-04,13573,44,2587215.54,2595895.3500,5574171.614
1159,MAK-MAD,2025,10,2025-03-05,15233,44,2896601.15,3014618.8600,6192108.396
1160,MAK-MAD,2025,10,2025-03-06,16236,44,3089338.37,3283147.5000,6534853.822
1161,MAK-MAD,2025,10,2025-03-07,15367,46,2713330.28,2905357.9000,6115466.136
1162,MAK-MAD,2025,10,2025-03-08,18489,49,3592790.21,3792201.1300,7405898.320
1163,MAK-MAD,2025,11,2025-03-09,15273,45,2877844.50,3030722.4200,6239000.664
1164,MAK-MAD,2025,11,2025-03-10,15476,44,2894981.68,3044795.5100,6250202.862
1165,MAK-MAD,2025,11,2025-03-11,15663,44,2919667.89,3144346.0600,6349141.480
1166,MAK-MAD,2025,11,2025-03-12,15963,44,2994601.06,3279589.0800,6403011.748
1167,MAK-MAD,2025,11,2025-03-13,18491,48,3468753.41,3803196.6900,7370508.620
1168,MAK-MAD,2025,11,2025-03-14,18486,50,3202415.36,3526682.5400,7284600.942
1169,MAK-MAD,2025,11,2025-03-15,21419,54,4093776.38,4451637.6600,8577327.484
1170,MAK-MAD,2025,12,2025-03-16,17877,48,3355394.53,3660308.0200,7239260.768
1171,MAK-MAD,2025,12,2025-03-17,18112,48,3416779.84,3724082.1700,7325981.020
1172,MAK-MAD,2025,12,2025-03-18,18934,48,3717041.29,4045333.2400,7638522.160
1173,MAK-MAD,2025,12,2025-03-19,18342,47,4189063.15,4195857.3500,7549246.032
1174,MAK-MAD,2025,12,2025-03-20,23130,56,5823409.55,5841956.3400,9673597.380
1175,MAK-MAD,2025,12,2025-03-21,19340,54,4083967.30,4087740.8000,7803574.542
1176,MAK-MAD,2025,12,2025-03-22,19353,54,4180458.51,4186476.8000,7856386.904
1177,MAK-MAD,2025,13,2025-03-23,18375,50,4016746.52,4079303.9200,7540554.134
1178,MAK-MAD,2025,13,2025-03-24,19000,50,4114124.01,4185095.9300,7775261.448
1179,MAK-MAD,2025,13,2025-03-25,20490,50,4495598.27,4612141.2600,8312399.282
1180,MAK-MAD,2025,13,2025-03-26,18462,54,3646899.29,3726645.6000,7320886.954
1181,MAK-MAD,2025,13,2025-03-27,20125,54,4130455.21,4271535.2000,8099695.462
1182,MAK-MAD,2025,13,2025-03-28,18955,53,3574581.73,3643139.9500,7407194.968
1183,MAK-MAD,2025,13,2025-03-29,18050,52,3650797.52,3722443.9200,7101364.838
1184,MAK-MAD,2025,14,2025-03-30,13401,38,2869162.20,2872416.7000,5485655.054
1185,MAK-MAD,2025,14,2025-03-31,16651,44,3446764.37,3455552.8600,6879391.400
